id,make,model,year,price,mileage,fuel,transmission,bodyType,exteriorColor,interiorColor,vin,images,features,description,status,createdAt
"2022-Toyota-Camry-Hybrid-Sedan-686967","Toyota","Camry Hybrid","2022","2000","1500","gasoline","automatic","sedan","color=&amp;engine=&amp;fuel_type=&amp;inventorySearchTxt=&amp;submit=&amp;compare=""> Value Deals","Trim -inc: Piano Black Instrument Panel Insert and Chrome/Metal-Look Interior Accents(Optional)","=""4T1C31AKXNU595428"" data-year=""2022""  data-make=""Toyota""  data-model=""Camry Hybrid""  data-trim=""LE 4dr Front-Wheel Drive Sedan Automatic"">","https://autobunny-docs.s3.ca-central-1.amazonaws.com/1232/car/forsale/images/2026/05/pic-64a10c610df7f4945da700b549d623a7.jpg|https://autobunny-docs.s3.ca-central-1.amazonaws.com/1232/web-content/logo-icon.png|https://www.peelcarsales.com/images/logo.png|https://autobunny-docs.s3.ca-central-1.amazonaws.com/common/design/welcome/welcome-car-21.jpg|https://autobunny-docs.s3.ca-central-1.amazonaws.com/common/design/welcome/welcome-car-45.jpg|https://autobunny-docs.s3.ca-central-1.amazonaws.com/common/design/car/style/sedan.png|https://autobunny-docs.s3.ca-central-1.amazonaws.com/common/design/car/style/pickup.png|https://autobunny-docs.s3.ca-central-1.amazonaws.com/common/design/car/style/suv.png|https://autobunny-docs.s3.ca-central-1.amazonaws.com/common/design/car/style/van.png|https://autobunny-docs.s3.ca-central-1.amazonaws.com/common/design/welcome/welcome-car-23-1.jpg|https://autobunny-docs.s3.ca-central-1.amazonaws.com/common/design/icon/select-arrow-black.png|https://autobunny-docs.s3.ca-central-1.amazonaws.com/common/design/icon/search-icon-gray.png","ABS Brakes|Air Conditioning|Alloy Wheels|AM/FM Stereo|Backup Camera|Bluetooth|CD Player|Cruise Control|Cup Holder|Digital Clock|Driver Side Airbag|Entertainment System|Keyless Entry|Low Tire Pressure Warning|Passenger Airbag|Power Locks|Power Mirrors|Rear Window Defroster|Tinted Glass|Traction Control","New Arrival","pending","2026-05-07T19:18:14.900Z"
"2025-Toyota-Camry-Hybrid-Sedan-686965","Toyota","Camry Hybrid","2025","34991","1500","gasoline","automatic","sedan","color=&amp;engine=&amp;fuel_type=&amp;inventorySearchTxt=&amp;submit=&amp;compare=""> Value Deals",":","=""4T1DAACK2SU052707"" data-year=""2025""  data-make=""Toyota""  data-model=""Camry Hybrid""  data-trim=""SE CVT"">","https://autobunny-docs.s3.ca-central-1.amazonaws.com/1232/car/forsale/images/2026/05/pic-ebde194e57cb77fb6eb82474082d6429.jpg|https://autobunny-docs.s3.ca-central-1.amazonaws.com/1232/web-content/logo-icon.png|https://www.peelcarsales.com/images/logo.png|https://autobunny-docs.s3.ca-central-1.amazonaws.com/common/design/welcome/welcome-car-21.jpg|https://autobunny-docs.s3.ca-central-1.amazonaws.com/common/design/welcome/welcome-car-45.jpg|https://autobunny-docs.s3.ca-central-1.amazonaws.com/common/design/car/style/sedan.png|https://autobunny-docs.s3.ca-central-1.amazonaws.com/common/design/car/style/pickup.png|https://autobunny-docs.s3.ca-central-1.amazonaws.com/common/design/car/style/suv.png|https://autobunny-docs.s3.ca-central-1.amazonaws.com/common/design/car/style/van.png|https://autobunny-docs.s3.ca-central-1.amazonaws.com/common/design/welcome/welcome-car-23-1.jpg|https://autobunny-docs.s3.ca-central-1.amazonaws.com/common/design/icon/select-arrow-black.png|https://autobunny-docs.s3.ca-central-1.amazonaws.com/common/design/icon/search-icon-gray.png","ABS Brakes|AM/FM Stereo|CD Player|Entertainment System|Satellite Radio|Traction Control|Daytime Running Lights - Included|Automatic Headlights - Included|Hid Headlights - Not Available|Headlights-Auto-Leveling - Not Available|Night Vision - Not Available|Integrated Turn Signal Mirrors - Included|Auto-Dimming Rearview Mirror - Included|Smart Device Integration - Included|Apple Carplay - Included|Android Auto - Included|Wifi Hotspot - Not Available|Bluetooth Connection - Included|Power Outlet - Not Available|Wireless Charging - Not Available","New Arrival","pending","2026-05-07T19:18:20.335Z"
"2024-Toyota-Corolla-Hybrid-Sedan-686963","Toyota","Corolla Hybrid","2024","27491","1500","gasoline","automatic","sedan","color=&amp;engine=&amp;fuel_type=&amp;inventorySearchTxt=&amp;submit=&amp;compare=""> Value Deals","Trim -inc: Piano Black/Metal-Look Instrument Panel Insert, Piano Black/Metal-Look Console Insert and Metal-Look Interior Accents","=""JTDBCMFE1R3047902"" data-year=""2024""  data-make=""Toyota""  data-model=""Corolla Hybrid""  data-trim=""LE 4dr Front Wheel Drive Sedan CVT"">","https://autobunny-docs.s3.ca-central-1.amazonaws.com/1232/car/forsale/images/2026/05/pic-986582e116df551c5b7b626ae2a62177.jpg|https://autobunny-docs.s3.ca-central-1.amazonaws.com/1232/web-content/logo-icon.png|https://www.peelcarsales.com/images/logo.png|https://autobunny-docs.s3.ca-central-1.amazonaws.com/common/design/welcome/welcome-car-21.jpg|https://autobunny-docs.s3.ca-central-1.amazonaws.com/common/design/welcome/welcome-car-45.jpg|https://autobunny-docs.s3.ca-central-1.amazonaws.com/common/design/car/style/sedan.png|https://autobunny-docs.s3.ca-central-1.amazonaws.com/common/design/car/style/pickup.png|https://autobunny-docs.s3.ca-central-1.amazonaws.com/common/design/car/style/suv.png|https://autobunny-docs.s3.ca-central-1.amazonaws.com/common/design/car/style/van.png|https://autobunny-docs.s3.ca-central-1.amazonaws.com/common/design/welcome/welcome-car-23-1.jpg|https://autobunny-docs.s3.ca-central-1.amazonaws.com/common/design/icon/select-arrow-black.png|https://autobunny-docs.s3.ca-central-1.amazonaws.com/common/design/icon/search-icon-gray.png","ABS Brakes|Air Conditioning|AM/FM Stereo|Backup Camera|Bluetooth|CD Player|Cruise Control|Cup Holder|Digital Clock|Driver Side Airbag|Entertainment System|Keyless Entry|Low Tire Pressure Warning|Passenger Airbag|Power Locks|Power Mirrors|Power-Assist Disc Brakes|Rear Window Defroster|Tinted Glass|Traction Control","New Arrival","pending","2026-05-07T19:18:25.807Z"
"2022-Honda-Civic-Sedan-686961","Honda","Civic","2022","22791","1500","gasoline","automatic","sedan","color=&amp;engine=&amp;fuel_type=&amp;inventorySearchTxt=&amp;submit=&amp;compare=""> Value Deals",":","=""2HGFE2F27NH103582"" data-year=""2022""  data-make=""Honda""  data-model=""Civic""  data-trim=""LX CVT"">","https://autobunny-docs.s3.ca-central-1.amazonaws.com/1232/car/forsale/images/2026/05/pic-7f7e19586e3f4c5fc6a5ccbfcaad5bbc.jpg|https://autobunny-docs.s3.ca-central-1.amazonaws.com/1232/web-content/logo-icon.png|https://www.peelcarsales.com/images/logo.png|https://autobunny-docs.s3.ca-central-1.amazonaws.com/common/design/welcome/welcome-car-21.jpg|https://autobunny-docs.s3.ca-central-1.amazonaws.com/common/design/welcome/welcome-car-45.jpg|https://autobunny-docs.s3.ca-central-1.amazonaws.com/common/design/car/style/sedan.png|https://autobunny-docs.s3.ca-central-1.amazonaws.com/common/design/car/style/pickup.png|https://autobunny-docs.s3.ca-central-1.amazonaws.com/common/design/car/style/suv.png|https://autobunny-docs.s3.ca-central-1.amazonaws.com/common/design/car/style/van.png|https://autobunny-docs.s3.ca-central-1.amazonaws.com/common/design/welcome/welcome-car-23-1.jpg|https://autobunny-docs.s3.ca-central-1.amazonaws.com/common/design/icon/select-arrow-black.png|https://autobunny-docs.s3.ca-central-1.amazonaws.com/common/design/icon/search-icon-gray.png","ABS Brakes|AM/FM Stereo|CD Player|Entertainment System|Satellite Radio|Traction Control|Daytime Running Lights - Included|Automatic Headlights - Included|Hid Headlights - Not Available|Headlights-Auto-Leveling - Not Available|Night Vision - Not Available|Integrated Turn Signal Mirrors - Not Available|Auto-Dimming Rearview Mirror - Not Available|Smart Device Integration - Included|Apple Carplay - Included|Android Auto - Included|Wifi Hotspot - Not Available|Bluetooth Connection - Included|Power Outlet - Not Available|Wireless Charging - Not Available","NEW ARRIVAL","pending","2026-05-07T19:18:31.259Z"
"2020-Toyota-Camry-Sedan-686239","Toyota","Camry","2020","19500","1500","gasoline","automatic","sedan","color=&amp;engine=&amp;fuel_type=&amp;inventorySearchTxt=&amp;submit=&amp;compare=""> Value Deals","Trim -inc: Metal-Look Instrument Panel Insert, Metal-Look Door Panel Insert, Metal-Look Console Insert and Chrome/Metal-Look Interior Accents","=""4T1G11AK3LU380509"" data-year=""2020""  data-make=""Toyota""  data-model=""Camry""  data-trim=""SE, Apple Carplay, Backup Camera, Alloys."">","https://autobunny-docs.s3.ca-central-1.amazonaws.com/1232/car/forsale/images/2026/05/pic-a99f8b83d65d64335c94b94470d9cbd5.jpg|https://autobunny-docs.s3.ca-central-1.amazonaws.com/1232/web-content/logo-icon.png|https://www.peelcarsales.com/images/logo.png|https://autobunny-docs.s3.ca-central-1.amazonaws.com/common/design/welcome/welcome-car-21.jpg|https://autobunny-docs.s3.ca-central-1.amazonaws.com/common/design/welcome/welcome-car-45.jpg|https://autobunny-docs.s3.ca-central-1.amazonaws.com/common/design/car/style/sedan.png|https://autobunny-docs.s3.ca-central-1.amazonaws.com/common/design/car/style/pickup.png|https://autobunny-docs.s3.ca-central-1.amazonaws.com/common/design/car/style/suv.png|https://autobunny-docs.s3.ca-central-1.amazonaws.com/common/design/car/style/van.png|https://autobunny-docs.s3.ca-central-1.amazonaws.com/common/design/welcome/welcome-car-23-1.jpg|https://autobunny-docs.s3.ca-central-1.amazonaws.com/common/design/icon/select-arrow-black.png|https://autobunny-docs.s3.ca-central-1.amazonaws.com/common/design/icon/search-icon-gray.png","ABS Brakes|Air Conditioning|AM/FM Stereo|Backup Camera|Bluetooth|CD Player|Cruise Control|Cup Holder|Digital Clock|Driver Side Airbag|Entertainment System|Keyless Entry|Low Tire Pressure Warning|Passenger Airbag|Power Locks|Power Mirrors|Rear Window Defroster|Tinted Glass|Traction Control|Trip Odometer","Key Features:
ALLOY WHEELS, BLIND SPOT MONITORING, APPLE CARPLAY AND ANROID AUTO, HEATED SEATS, POWER ADJUSTABLE SEATS, LUMBER SUPPORT, REAR VIEW CAMERA WITH PARKING AIDS, ADAPTIVE CRUISE CONTROL, DUAL ZONE CLIMATE CONTROL, LEATHER SEATS, BLUETOOTH AND MUCH MORE","pending","2026-05-07T19:18:36.739Z"
"2023-Jeep-Grand-Cherokee-SUV-686050","Jeep","Grand Cherokee","2023","32791","1500","gasoline","automatic","sedan","color=&amp;engine=&amp;fuel_type=&amp;inventorySearchTxt=&amp;submit=&amp;compare=""> Value Deals","Trim -inc: Simulated Wood/Metal-Look Instrument Panel Insert, Simulated Wood/Metal-Look Door Panel Insert, Piano Black Console Insert and Chrome/Metal-Look Interior Accents","=""1C4RJHBG1PC539541"" data-year=""2023""  data-make=""Jeep""  data-model=""Grand Cherokee""  data-trim=""Limited 4dr 4x2 Automatic"">","https://autobunny-docs.s3.ca-central-1.amazonaws.com/1232/car/forsale/images/2026/05/pic-de6cfd7acd863852aac36191007cadd5.jpg|https://autobunny-docs.s3.ca-central-1.amazonaws.com/1232/web-content/logo-icon.png|https://www.peelcarsales.com/images/logo.png|https://autobunny-docs.s3.ca-central-1.amazonaws.com/common/design/welcome/welcome-car-21.jpg|https://autobunny-docs.s3.ca-central-1.amazonaws.com/common/design/welcome/welcome-car-45.jpg|https://autobunny-docs.s3.ca-central-1.amazonaws.com/common/design/car/style/sedan.png|https://autobunny-docs.s3.ca-central-1.amazonaws.com/common/design/car/style/pickup.png|https://autobunny-docs.s3.ca-central-1.amazonaws.com/common/design/car/style/suv.png|https://autobunny-docs.s3.ca-central-1.amazonaws.com/common/design/car/style/van.png|https://autobunny-docs.s3.ca-central-1.amazonaws.com/common/design/welcome/welcome-car-23-1.jpg|https://autobunny-docs.s3.ca-central-1.amazonaws.com/common/design/icon/select-arrow-black.png|https://autobunny-docs.s3.ca-central-1.amazonaws.com/common/design/icon/search-icon-gray.png","ABS Brakes|Air Conditioning|AM/FM Stereo|Backup Camera|CD Player|Cruise Control|Cup Holder|Digital Clock|Driver Side Airbag|Entertainment System|Fog Lights|Heated Exterior Mirrors|Keyless Entry|Low Tire Pressure Warning|Passenger Airbag|Power Locks|Power Mirrors|Rear Window Defroster|Tinted Glass|Traction Control","New Arrival","pending","2026-05-07T19:18:42.186Z"
"2023-Dodge-Charger-Sedan-686048","Dodge","Charger","2023","47991","1500","gasoline","automatic","sedan","color=&amp;engine=&amp;fuel_type=&amp;inventorySearchTxt=&amp;submit=&amp;compare=""> Value Deals","Trim -inc: Aluminum Instrument Panel Insert, Aluminum Console Insert and Metal-Look Interior Accents","=""2C3CDXCT9PH699087"" data-year=""2023""  data-make=""Dodge""  data-model=""Charger""  data-trim=""R/T 4dr Rear-Wheel Drive Sedan Automatic"">","https://autobunny-docs.s3.ca-central-1.amazonaws.com/1232/car/forsale/images/2026/05/pic-2bca653a938c44c8f2153f3b670d15e8.jpg|https://autobunny-docs.s3.ca-central-1.amazonaws.com/1232/web-content/logo-icon.png|https://www.peelcarsales.com/images/logo.png|https://autobunny-docs.s3.ca-central-1.amazonaws.com/common/design/welcome/welcome-car-21.jpg|https://autobunny-docs.s3.ca-central-1.amazonaws.com/common/design/welcome/welcome-car-45.jpg|https://autobunny-docs.s3.ca-central-1.amazonaws.com/common/design/car/style/sedan.png|https://autobunny-docs.s3.ca-central-1.amazonaws.com/common/design/car/style/pickup.png|https://autobunny-docs.s3.ca-central-1.amazonaws.com/common/design/car/style/suv.png|https://autobunny-docs.s3.ca-central-1.amazonaws.com/common/design/car/style/van.png|https://autobunny-docs.s3.ca-central-1.amazonaws.com/common/design/welcome/welcome-car-23-1.jpg|https://autobunny-docs.s3.ca-central-1.amazonaws.com/common/design/icon/select-arrow-black.png|https://autobunny-docs.s3.ca-central-1.amazonaws.com/common/design/icon/search-icon-gray.png","ABS Brakes|Air Conditioning|AM/FM Stereo|Backup Camera|CD Player|Cruise Control|Cup Holder|Digital Clock|Driver Side Airbag|Entertainment System|Heated Exterior Mirrors|Keyless Entry|Low Tire Pressure Warning|Passenger Airbag|Power Locks|Power Mirrors|Rear Window Defroster|Tinted Glass|Traction Control|Trip Odometer","New Arrival","pending","2026-05-07T19:18:47.596Z"
"2018-Infiniti-QX60-SUV-686045","Infiniti","QX60","2018","19499","1500","gasoline","automatic","sedan","color=&amp;engine=&amp;fuel_type=&amp;inventorySearchTxt=&amp;submit=&amp;compare=""> Value Deals","Trim -inc: Carbon Fiber Instrument Panel Insert, Carbon Fiber Door Panel Insert, Carbon Fiber Console Insert, Chrome/Aluminum Interior Accents and Leatherette Upholstered Dashboard","=""5N1DL0MM3JC529251"" data-year=""2018""  data-make=""Infiniti""  data-model=""QX60""  data-trim=""Base 4dr All-wheel Drive CVT"">","https://autobunny-docs.s3.ca-central-1.amazonaws.com/1232/car/forsale/images/2026/05/pic-b6ab8113884497ed20666fa8c7d66fbd.jpg|https://autobunny-docs.s3.ca-central-1.amazonaws.com/1232/web-content/logo-icon.png|https://www.peelcarsales.com/images/logo.png|https://autobunny-docs.s3.ca-central-1.amazonaws.com/common/design/welcome/welcome-car-21.jpg|https://autobunny-docs.s3.ca-central-1.amazonaws.com/common/design/welcome/welcome-car-45.jpg|https://autobunny-docs.s3.ca-central-1.amazonaws.com/common/design/car/style/sedan.png|https://autobunny-docs.s3.ca-central-1.amazonaws.com/common/design/car/style/pickup.png|https://autobunny-docs.s3.ca-central-1.amazonaws.com/common/design/car/style/suv.png|https://autobunny-docs.s3.ca-central-1.amazonaws.com/common/design/car/style/van.png|https://autobunny-docs.s3.ca-central-1.amazonaws.com/common/design/welcome/welcome-car-23-1.jpg|https://autobunny-docs.s3.ca-central-1.amazonaws.com/common/design/icon/select-arrow-black.png|https://autobunny-docs.s3.ca-central-1.amazonaws.com/common/design/icon/search-icon-gray.png","ABS Brakes|Air Conditioning|Alloy Wheels|AM/FM Stereo|Auto Dimming Mirrors|Backup Camera|Bluetooth|CD Player|Cruise Control|Cup Holder|Digital Clock|Driver Side Airbag|Entertainment System|Fog Lights|Heated Exterior Mirrors|Keyless Entry|Leather Steering Wheels|Low Tire Pressure Warning|Passenger Airbag|Power Locks","New Arrival","pending","2026-05-07T19:18:53.010Z"
"2022-Mazda-CX-5-SUV-686042","Mazda","CX-5","2022","25991","1500","gasoline","automatic","sedan","color=&amp;engine=&amp;fuel_type=&amp;inventorySearchTxt=&amp;submit=&amp;compare=""> Value Deals",":","=""JM3KFBCM1N0539968"" data-year=""2022""  data-make=""Mazda""  data-model=""CX-5""  data-trim=""GS All-wheel Drive"">","https://autobunny-docs.s3.ca-central-1.amazonaws.com/1232/car/forsale/images/2026/05/pic-d1e9c1dc63022a62db99bb5f37e887a5.jpg|https://autobunny-docs.s3.ca-central-1.amazonaws.com/1232/web-content/logo-icon.png|https://www.peelcarsales.com/images/logo.png|https://autobunny-docs.s3.ca-central-1.amazonaws.com/common/design/welcome/welcome-car-21.jpg|https://autobunny-docs.s3.ca-central-1.amazonaws.com/common/design/welcome/welcome-car-45.jpg|https://autobunny-docs.s3.ca-central-1.amazonaws.com/common/design/car/style/sedan.png|https://autobunny-docs.s3.ca-central-1.amazonaws.com/common/design/car/style/pickup.png|https://autobunny-docs.s3.ca-central-1.amazonaws.com/common/design/car/style/suv.png|https://autobunny-docs.s3.ca-central-1.amazonaws.com/common/design/car/style/van.png|https://autobunny-docs.s3.ca-central-1.amazonaws.com/common/design/welcome/welcome-car-23-1.jpg|https://autobunny-docs.s3.ca-central-1.amazonaws.com/common/design/icon/select-arrow-black.png|https://autobunny-docs.s3.ca-central-1.amazonaws.com/common/design/icon/search-icon-gray.png","ABS Brakes|AM/FM Stereo|CD Player|Entertainment System|Satellite Radio|Traction Control|Daytime Running Lights - Included|Automatic Headlights - Included|Hid Headlights - Not Available|Headlights-Auto-Leveling - Included|Night Vision - Not Available|Integrated Turn Signal Mirrors - Included|Auto-Dimming Rearview Mirror - Included|Smart Device Integration - Included|Apple Carplay - Included|Android Auto - Included|Wifi Hotspot - Not Available|Bluetooth Connection - Included|Power Outlet - Not Available|Wireless Charging - Not Available","New Arrival","pending","2026-05-07T19:18:58.425Z"
"2026-Toyota-Sienna-Van-677016","Toyota","Sienna","2026","2000","100","gasoline","automatic","sedan","and interior add a touch of elegance to this practical and reliable vehicle. Don't miss out on this fantastic find!","add a touch of elegance to this practical and reliable vehicle. Don't miss out on this fantastic find!","=""5TDGRKEC2TS308579"" data-year=""2026""  data-make=""Toyota""  data-model=""Sienna""  data-trim=""XLE, Sunroof, 8 Passenger, Cruise Control."">","https://autobunny-docs.s3.ca-central-1.amazonaws.com/1232/car/forsale/images/2026/04/pic-8c81bf7085feb5719b5cc0f1ed42c242.jpg|https://autobunny-docs.s3.ca-central-1.amazonaws.com/1232/web-content/logo-icon.png|https://www.peelcarsales.com/images/logo.png|https://autobunny-docs.s3.ca-central-1.amazonaws.com/common/design/welcome/welcome-car-21.jpg|https://autobunny-docs.s3.ca-central-1.amazonaws.com/common/design/welcome/welcome-car-45.jpg|https://autobunny-docs.s3.ca-central-1.amazonaws.com/common/design/car/style/sedan.png|https://autobunny-docs.s3.ca-central-1.amazonaws.com/common/design/car/style/pickup.png|https://autobunny-docs.s3.ca-central-1.amazonaws.com/common/design/car/style/suv.png|https://autobunny-docs.s3.ca-central-1.amazonaws.com/common/design/car/style/van.png|https://autobunny-docs.s3.ca-central-1.amazonaws.com/common/design/welcome/welcome-car-23-1.jpg|https://autobunny-docs.s3.ca-central-1.amazonaws.com/common/design/icon/select-arrow-black.png|https://autobunny-docs.s3.ca-central-1.amazonaws.com/common/design/icon/search-icon-gray.png","ABS Brakes|AM/FM Stereo|CD Player|Entertainment System|Satellite Radio|Traction Control|Daytime Running Lights - Included|Automatic Headlights - Included|Hid Headlights - Not Available|Headlights-Auto-Leveling - Not Available|Night Vision - Not Available|Integrated Turn Signal Mirrors - Included|Auto-Dimming Rearview Mirror - Included|Smart Device Integration - Included|Apple Carplay - Included|Android Auto - Included|Wifi Hotspot - Not Available|Bluetooth Connection - Included|Power Outlet - Not Available|Wireless Charging - Not Available","**BRAND NEW ** This 2026 Toyota Sienna XLE is a sleek and spacious van that's perfect for your family adventures! With its low mileage of just 100 km , luxurious sunroof, and comfortable seating for 8 passengers, you'll be cruising in style. The black exterior and interior add a touch of elegance to this practical and reliable vehicle. Don't miss out on this fantastic find!
&nbsp;
Key Features:
BLIND SPOT MONITROING, TRACTION CONTROL, HEATED STEERING WHEEL, POWER ADJUSTABLE SEATS, LUMBER SUPPORT, ADAPTIVE CRUISE CONTROL, PUSH START BUTTON, REAR VIEW CAMERA WITH PARKING AIDS, HEATED SEATS, DUAL ZONE CLIMATE CONTROL, DIFFERENT MODE OF DRIVE, BRAKE HOLD, EV MODE, SUNROOF AND MANY MORE
&nbsp;","pending","2026-05-07T19:19:03.929Z"
"2022-Ford-Explorer-SUV-676985","Ford","Explorer","2022","33999","1500","gasoline","automatic","sedan","color=&amp;engine=&amp;fuel_type=&amp;inventorySearchTxt=&amp;submit=&amp;compare=""> Value Deals","Trim -inc: Metal-Look/Piano Black Instrument Panel Insert, Metal-Look/Piano Black Door Panel Insert, Piano Black Console Insert and Chrome/Metal-Look Interior Accents(Optional)","=""1FMSK8FH8NGA14088"" data-year=""2022""  data-make=""Ford""  data-model=""Explorer""  data-trim=""Limited, AWD, SUNROOF, LEATHER SEATS"">","https://autobunny-docs.s3.ca-central-1.amazonaws.com/1232/car/forsale/images/2026/04/pic-291c5a4fbc41a4c395efcb9ffb3c38ee.jpg|https://autobunny-docs.s3.ca-central-1.amazonaws.com/1232/web-content/logo-icon.png|https://www.peelcarsales.com/images/logo.png|https://autobunny-docs.s3.ca-central-1.amazonaws.com/common/design/welcome/welcome-car-21.jpg|https://autobunny-docs.s3.ca-central-1.amazonaws.com/common/design/welcome/welcome-car-45.jpg|https://autobunny-docs.s3.ca-central-1.amazonaws.com/common/design/car/style/sedan.png|https://autobunny-docs.s3.ca-central-1.amazonaws.com/common/design/car/style/pickup.png|https://autobunny-docs.s3.ca-central-1.amazonaws.com/common/design/car/style/suv.png|https://autobunny-docs.s3.ca-central-1.amazonaws.com/common/design/car/style/van.png|https://autobunny-docs.s3.ca-central-1.amazonaws.com/common/design/welcome/welcome-car-23-1.jpg|https://autobunny-docs.s3.ca-central-1.amazonaws.com/common/design/icon/select-arrow-black.png|https://autobunny-docs.s3.ca-central-1.amazonaws.com/common/design/icon/search-icon-gray.png","ABS Brakes|Air Conditioning|AM/FM Stereo|Backup Camera|Bluetooth|CD Player|Cruise Control|Cup Holder|Digital Clock|Driver Side Airbag|Entertainment System|Fog Lights|Heated Exterior Mirrors|Heated Seats|Keyless Entry|Low Tire Pressure Warning|Navigation System|Passenger Airbag|Power Locks|Power Mirrors","Key Features:
ALLOY WHEELS, BLIND SPOT MONITORING, POWER ADJUSTABLE SEATS, LUMBER SUPPRT, ADAPTIVE CRUISE CONTROL, NAVIGATION, APPLE CARPLAY AND ANDROID AUTO, REAR VIEW CAMERA 360 WITH PARKING AIDS, DUAL ZONE CLIMATE CONTROL, USB PORTS, DIFFERENT MODE OF DRIVE, LEATHER SEATS, PANORAMIC ROOF, PUSH START BUTTON.&nbsp;","pending","2026-05-07T19:19:09.523Z"
"2024-Kia-Telluride-SUV-678777","Kia","Telluride","2024","43991","1500","gasoline","automatic","sedan",", this AWD vehicle is ready for your next adventure. Don't miss out on this reliable and versatile ride!","Trim -inc: Metal-Look Instrument Panel Insert, Metal-Look Door Panel Insert, Piano Black Console Insert and Metal-Look Interior Accents","=""5XYP5DGC2RG416517"" data-year=""2024""  data-make=""Kia""  data-model=""Telluride""  data-trim=""SX, 8 Passenger, One-Owner, Massage Seats."">","https://autobunny-docs.s3.ca-central-1.amazonaws.com/1232/car/forsale/images/2026/04/pic-49408987b0bab4c1c201025fef7caf61.jpg|https://autobunny-docs.s3.ca-central-1.amazonaws.com/1232/web-content/logo-icon.png|https://www.peelcarsales.com/images/logo.png|https://autobunny-docs.s3.ca-central-1.amazonaws.com/common/design/welcome/welcome-car-21.jpg|https://autobunny-docs.s3.ca-central-1.amazonaws.com/common/design/welcome/welcome-car-45.jpg|https://autobunny-docs.s3.ca-central-1.amazonaws.com/common/design/car/style/sedan.png|https://autobunny-docs.s3.ca-central-1.amazonaws.com/common/design/car/style/pickup.png|https://autobunny-docs.s3.ca-central-1.amazonaws.com/common/design/car/style/suv.png|https://autobunny-docs.s3.ca-central-1.amazonaws.com/common/design/car/style/van.png|https://autobunny-docs.s3.ca-central-1.amazonaws.com/common/design/welcome/welcome-car-23-1.jpg|https://autobunny-docs.s3.ca-central-1.amazonaws.com/common/design/icon/select-arrow-black.png|https://autobunny-docs.s3.ca-central-1.amazonaws.com/common/design/icon/search-icon-gray.png","ABS Brakes|Air Conditioning|Alloy Wheels|AM/FM Stereo|Backup Camera|Bluetooth|CD Player|Cruise Control|Cup Holder|Digital Clock|Driver Side Airbag|Entertainment System|Heated Exterior Mirrors|Keyless Entry|Leather Steering Wheels|Low Tire Pressure Warning|Passenger Airbag|Power Locks|Power Mirrors|Power-Assist Disc Brakes","This 2024 Kia Telluride SX is a spacious and stylish SUV with room for 8 passengers. With only one owner and a sleek black exterior, this AWD vehicle is ready for your next adventure. Don't miss out on this reliable and versatile ride!
&nbsp;
Key Features:
ALLOY WHEELS, BLIND SPOT MONITORING, MEMORY SEATS, DIGITAL CLUSTER, MASSAGE SEATS, ADAPTIVE CRUISE CONTROL, TRACTION CONTROL, POWER ADJUSTABLE SEATS, LUMBER SUPPORT, PUSH BUTTON START, DUAL ZONE CLIMATE CONTROL&nbsp; NAVIGATION, APPLE CARPLAY AND ANROID AUTO, REAR VIEW CAMERA WITH PARKING AIDS, HEATED STEERING WHEEL, HEATED SEATS, HARMON KARDON SOUND SYSTEM, TOW OPTION, DOUBLE SUNROOF, LEATHER SEATS,&nbsp; DIFFERENT MODE OF DRIVE, VENTED SEATS, AUTO HOLD AND MANY MORE FEATURES.","pending","2026-05-07T19:19:15.041Z"
"2025-Hyundai-Elantra-Sedan-649267","Hyundai","Elantra","2025","2000","1500","gasoline","automatic","sedan","color=&amp;engine=&amp;fuel_type=&amp;inventorySearchTxt=&amp;submit=&amp;compare=""> Value Deals",":","=""KMHLN4DG0SU048070"" data-year=""2025""  data-make=""Hyundai""  data-model=""Elantra""  data-trim=""Luxury | Digital Cluster | Alloys | Leather Seats"">","https://autobunny-docs.s3.ca-central-1.amazonaws.com/1232/car/forsale/images/2025/11/2025_Hyundai_Elantra_pic-9f457b65c2ca9c3cd4d92ea3256eb5a2.jpg|https://autobunny-docs.s3.ca-central-1.amazonaws.com/1232/web-content/logo-icon.png|https://www.peelcarsales.com/images/logo.png|https://autobunny-docs.s3.ca-central-1.amazonaws.com/common/design/welcome/welcome-car-21.jpg|https://autobunny-docs.s3.ca-central-1.amazonaws.com/common/design/welcome/welcome-car-45.jpg|https://autobunny-docs.s3.ca-central-1.amazonaws.com/common/design/car/style/sedan.png|https://autobunny-docs.s3.ca-central-1.amazonaws.com/common/design/car/style/pickup.png|https://autobunny-docs.s3.ca-central-1.amazonaws.com/common/design/car/style/suv.png|https://autobunny-docs.s3.ca-central-1.amazonaws.com/common/design/car/style/van.png|https://autobunny-docs.s3.ca-central-1.amazonaws.com/common/design/welcome/welcome-car-23-1.jpg|https://autobunny-docs.s3.ca-central-1.amazonaws.com/common/design/icon/select-arrow-black.png|https://autobunny-docs.s3.ca-central-1.amazonaws.com/common/design/icon/search-icon-gray.png","","Key Features;
LUXURY, ALLOY WHEELS, CRUISE CONTROL, PUSH START BUTTON, DIFFERENT MODE OF DRIVE, DUAL CLIMATE CONTROL, HEATED SEATS, C-TYPE PORTS, REAR VIEW CAMERA WITH PARKING AIDS, LED HEADLIGHTS WITH DRL
&nbsp;","pending","2026-05-07T19:19:20.447Z"
"2023-Dodge-Charger-Sedan-649245","Dodge","Charger","2023","31491","1500","gasoline","automatic","sedan","color=&amp;engine=&amp;fuel_type=&amp;inventorySearchTxt=&amp;submit=&amp;compare=""> Value Deals",":","g the Greater Toronto and adjoining areas since 2014.","https://autobunny-docs.s3.ca-central-1.amazonaws.com/1232/car/forsale/images/2025/12/pic-7a2d8ca36f0ffd64d075cf778a02e3fe.jpg|https://autobunny-docs.s3.ca-central-1.amazonaws.com/1232/web-content/logo-icon.png|https://www.peelcarsales.com/images/logo.png|https://autobunny-docs.s3.ca-central-1.amazonaws.com/common/design/welcome/welcome-car-21.jpg|https://autobunny-docs.s3.ca-central-1.amazonaws.com/common/design/welcome/welcome-car-45.jpg|https://autobunny-docs.s3.ca-central-1.amazonaws.com/common/design/car/style/sedan.png|https://autobunny-docs.s3.ca-central-1.amazonaws.com/common/design/car/style/pickup.png|https://autobunny-docs.s3.ca-central-1.amazonaws.com/common/design/car/style/suv.png|https://autobunny-docs.s3.ca-central-1.amazonaws.com/common/design/car/style/van.png|https://autobunny-docs.s3.ca-central-1.amazonaws.com/common/design/welcome/welcome-car-23-1.jpg|https://autobunny-docs.s3.ca-central-1.amazonaws.com/common/design/icon/select-arrow-black.png|https://autobunny-docs.s3.ca-central-1.amazonaws.com/common/design/icon/search-icon-gray.png","","Key Feature:
20-inch alloy wheels, Cruise control, Push-button start (Keyless Enter-N-Go), Drive mode selector (Normal/Sport), Dual-zone automatic climate control, Heated front seats, USB ports (front &amp; rear), Rear-view camera with parking sensors.
We are offering the LOWEST possible interest rates! Everyone is Approved!
_____________________
Peel Car Sales is a reputable and trustworthy used car dealership serving the Greater Toronto and adjoining areas since 2014.
Call or text us direct, AT 1(647)678-7778. (FACETIME/WHATSAPP)","pending","2026-05-07T19:19:25.864Z"
"2026-Hyundai-Kona-SUV-657910","Hyundai","Kona","2026","33491","1500","gasoline","automatic","sedan","color=&amp;engine=&amp;fuel_type=&amp;inventorySearchTxt=&amp;submit=&amp;compare=""> Value Deals",":","=""KM8HBCAB4TU376613"" data-year=""2026""  data-make=""Hyundai""  data-model=""Kona""  data-trim=""Preferred AWD, Lane Departure, Front Collision Mitigation, Remote Start, BSM."">","https://autobunny-docs.s3.ca-central-1.amazonaws.com/1232/car/forsale/images/2025/12/pic-aa60a5c7cc63b537bbc667d5c1d863ce.jpg|https://autobunny-docs.s3.ca-central-1.amazonaws.com/1232/web-content/logo-icon.png|https://www.peelcarsales.com/images/logo.png|https://autobunny-docs.s3.ca-central-1.amazonaws.com/common/design/welcome/welcome-car-21.jpg|https://autobunny-docs.s3.ca-central-1.amazonaws.com/common/design/welcome/welcome-car-45.jpg|https://autobunny-docs.s3.ca-central-1.amazonaws.com/common/design/car/style/sedan.png|https://autobunny-docs.s3.ca-central-1.amazonaws.com/common/design/car/style/pickup.png|https://autobunny-docs.s3.ca-central-1.amazonaws.com/common/design/car/style/suv.png|https://autobunny-docs.s3.ca-central-1.amazonaws.com/common/design/car/style/van.png|https://autobunny-docs.s3.ca-central-1.amazonaws.com/common/design/welcome/welcome-car-23-1.jpg|https://autobunny-docs.s3.ca-central-1.amazonaws.com/common/design/icon/select-arrow-black.png|https://autobunny-docs.s3.ca-central-1.amazonaws.com/common/design/icon/search-icon-gray.png","","Key Features:
ALLOY WHEELS, BLIND SPOT, KEYLESS ENTRY, ADAPTIVE CRUISE CONTROL, PUSH START BUTTON, DRIVER ASSISSTANCE, REAR VIEW CAMERA WITH PARKING AIDS, DUAL CLIMATE CONTROL, HEATED SEATS, HEATED STEERING WHEEL, AUTO HOLD, C TYPE PORT, DIFFERENT MODE OF DRIVE, REMOTE START, PREMIUM FABIC SEATS.","pending","2026-05-07T19:19:31.357Z"
"2020-Dodge-Charger-Sedan-649308","Dodge","Charger","2020","2000","1500","gasoline","automatic","sedan","color=&amp;engine=&amp;fuel_type=&amp;inventorySearchTxt=&amp;submit=&amp;compare=""> Value Deals",":","=""2C3CDXCT5LH213059"" data-year=""2020""  data-make=""Dodge""  data-model=""Charger""  data-trim=""R / T, V8, Apple Carplay, Alloys."">","https://autobunny-docs.s3.ca-central-1.amazonaws.com/1232/car/forsale/images/2025/11/2020_Dodge_Charger_pic-1b010572738e5eb4e1d970b441540729.jpg|https://autobunny-docs.s3.ca-central-1.amazonaws.com/1232/web-content/logo-icon.png|https://www.peelcarsales.com/images/logo.png|https://autobunny-docs.s3.ca-central-1.amazonaws.com/common/design/welcome/welcome-car-21.jpg|https://autobunny-docs.s3.ca-central-1.amazonaws.com/common/design/welcome/welcome-car-45.jpg|https://autobunny-docs.s3.ca-central-1.amazonaws.com/common/design/car/style/sedan.png|https://autobunny-docs.s3.ca-central-1.amazonaws.com/common/design/car/style/pickup.png|https://autobunny-docs.s3.ca-central-1.amazonaws.com/common/design/car/style/suv.png|https://autobunny-docs.s3.ca-central-1.amazonaws.com/common/design/car/style/van.png|https://autobunny-docs.s3.ca-central-1.amazonaws.com/common/design/welcome/welcome-car-23-1.jpg|https://autobunny-docs.s3.ca-central-1.amazonaws.com/common/design/icon/select-arrow-black.png|https://autobunny-docs.s3.ca-central-1.amazonaws.com/common/design/icon/search-icon-gray.png","","Key Features:
Alloy Wheel, Heated Mirrors, Rear View Camera, Side Heated Mirrors, Power Adjustable Seat, Cruise Controls, Paddle Shifters, Push Start Button, Mirror Dimmer, Climate Control, Dual Climate Control, USB Ports, Premium Fabric Seats, Rear AC Vents and USB Ports
&nbsp;","pending","2026-05-07T19:19:36.804Z"
"2022-Volkswagen-Jetta-Sedan-680450","Volkswagen","Jetta","2022","24490","1500","gasoline","automatic","sedan","color=&amp;engine=&amp;fuel_type=&amp;inventorySearchTxt=&amp;submit=&amp;compare=""> Value Deals","","=""3VWGM7BUXNM004280"" data-year=""2022""  data-make=""Volkswagen""  data-model=""Jetta""  data-trim=""Highline, Sunroof, Leather Seats, Beats Audio, Dual Tone Interior"">","https://autobunny-docs.s3.ca-central-1.amazonaws.com/1232/car/forsale/images/2026/05/pic-c619ebb38e1a18d04ecefa7c95b0b13a.jpg|https://autobunny-docs.s3.ca-central-1.amazonaws.com/1232/web-content/logo-icon.png|https://www.peelcarsales.com/images/logo.png|https://autobunny-docs.s3.ca-central-1.amazonaws.com/common/design/welcome/welcome-car-21.jpg|https://autobunny-docs.s3.ca-central-1.amazonaws.com/common/design/welcome/welcome-car-45.jpg|https://autobunny-docs.s3.ca-central-1.amazonaws.com/common/design/car/style/sedan.png|https://autobunny-docs.s3.ca-central-1.amazonaws.com/common/design/car/style/pickup.png|https://autobunny-docs.s3.ca-central-1.amazonaws.com/common/design/car/style/suv.png|https://autobunny-docs.s3.ca-central-1.amazonaws.com/common/design/car/style/van.png|https://autobunny-docs.s3.ca-central-1.amazonaws.com/common/design/welcome/welcome-car-23-1.jpg|https://autobunny-docs.s3.ca-central-1.amazonaws.com/common/design/icon/select-arrow-black.png|https://autobunny-docs.s3.ca-central-1.amazonaws.com/common/design/icon/search-icon-gray.png","ABS Brakes|AM/FM Stereo|CD Player|Entertainment System|Satellite Radio|Traction Control|Daytime Running Lights - Included|Automatic Headlights - Included|Hid Headlights - Not Available|Headlights-Auto-Leveling - Not Available|Night Vision - Not Available|Integrated Turn Signal Mirrors - Included|Auto-Dimming Rearview Mirror - Included|Smart Device Integration - Included|Apple Carplay - Included|Android Auto - Included|Wifi Hotspot - Included|Bluetooth Connection - Included|Power Outlet - Not Available|Wireless Charging - Included","Key Features:
SUNROOF | LEATHER SEATS | NAVIGATION SYSTEM | TOUCHSCREEN INFOTAINMENT SYSTEM | SUBWOOFER | APPLE CARPLAY &amp; ANDROID AUTO |&nbsp;PUSH-UP START/STOP | AIR CONDITIONING | ALLOY WHEELS | POWER ADJUSTABLE DRIVER SEAT | HEATED STEERING WHEEL | DUAL TONE INTERIOR
DIGITAL COCKPIT | BACK UP CAMERA | HEATED&nbsp; SEATS | CRUISE CONTROL | TRAFFIC JAM ASSIST | LANE KEEPING ASSIST | LANE DEPARTURE WARNING | BLIND SPOT MONITORING | KEYLESS ENTRY | ACTIVE LANE KEEP ASSISTANCE | PRE COLLISION WARNING | POWER LOCKS AND WINDOWS | VENTED SEATS | LOW TIRE PRESSURE WARNING | DRIVER SIDE AIRBAG &amp; PASSENGER AIRBAG | OUTSIDE TEMPERATURE DISPLAY AND MUCH MORE","pending","2026-05-07T19:19:42.607Z"
"2022-Lexus-UX-250H-SUV-673390","Lexus","UX 250H","2022","2000","1500","gasoline","automatic","sedan",", this car is sure to turn heads. The 4X4 drive and efficient 4 Cylinder engine make it both practical and fun to drive. Don't miss out on this opportunity to own a reliable and upscale vehicle.",", and sleek silver exterior, this car is sure to turn heads. The 4X4 drive and efficient 4 Cylinder engine make it both practical and fun to drive. Don't miss out on this opportunity to own a reliable and upscale vehicle.","=""JTHP9JBH7N2056427"" data-year=""2022""  data-make=""Lexus""  data-model=""UX 250H""  data-trim=""Luxury, BSM, Adaptive Cruise Control, Apple Carplay, Hybrid."">","https://autobunny-docs.s3.ca-central-1.amazonaws.com/1232/car/forsale/images/2026/03/pic-61b42cb1f5cbff62907545c50c9f8523.jpg|https://autobunny-docs.s3.ca-central-1.amazonaws.com/1232/web-content/logo-icon.png|https://www.peelcarsales.com/images/logo.png|https://autobunny-docs.s3.ca-central-1.amazonaws.com/common/design/welcome/welcome-car-21.jpg|https://autobunny-docs.s3.ca-central-1.amazonaws.com/common/design/welcome/welcome-car-45.jpg|https://autobunny-docs.s3.ca-central-1.amazonaws.com/common/design/car/style/sedan.png|https://autobunny-docs.s3.ca-central-1.amazonaws.com/common/design/car/style/pickup.png|https://autobunny-docs.s3.ca-central-1.amazonaws.com/common/design/car/style/suv.png|https://autobunny-docs.s3.ca-central-1.amazonaws.com/common/design/car/style/van.png|https://autobunny-docs.s3.ca-central-1.amazonaws.com/common/design/welcome/welcome-car-23-1.jpg|https://autobunny-docs.s3.ca-central-1.amazonaws.com/common/design/icon/select-arrow-black.png|https://autobunny-docs.s3.ca-central-1.amazonaws.com/common/design/icon/search-icon-gray.png","ABS Brakes|Air Conditioning|Alloy Wheels|AM/FM Stereo|Auto Dimming Mirrors|Backup Camera|Bluetooth|CD Player|Cruise Control|Cup Holder|Digital Clock|Driver Side Airbag|Entertainment System|Heated Exterior Mirrors|Keyless Entry|Leather Steering Wheels|Low Tire Pressure Warning|Memory Seat|Passenger Airbag|Power Locks","Check out this stylish 2022 Lexus UX 250H SUV! With its luxurious trim, spacious interior, and sleek silver exterior, this car is sure to turn heads. The 4X4 drive and efficient 4 Cylinder engine make it both practical and fun to drive. Don't miss out on this opportunity to own a reliable and upscale vehicle.
&nbsp;
Key Features:
ALLOY WHEELS, BLIND SPOT MONITORING, POWER ADJUSTABLE SEATS, LUMBER SUPPORT, STEERING CONTROL BUTTONS, DIGITAL CLUSTER, ADAPTIVE CRUISE CONTROL, DIFFERENT MODE OF DRIVE (SPORTS, NORMAL, ECO), PUSH BUTTON START, NAVIGATION APP, APPLE CARPLAY AND ANDROID AUTO, REAR VIEW CAMERA WITH PARKING AIDS, DUAL ZONE CLIMATE CONTROL, HEATED STEERING WHEEL, HEATED AND VENTED SEATS, EV MODE OPTION, AUTO HOLD, SUNROOF, PREMIUM LEATHER SEATS AND MANY MORE FEATURES.","pending","2026-05-07T19:19:48.111Z"
"2018-Lexus-NX-300-SUV-674329","Lexus","NX 300","2018","27791","1500","gasoline","automatic","sedan","color=&amp;engine=&amp;fuel_type=&amp;inventorySearchTxt=&amp;submit=&amp;compare=""> Value Deals",", SUNROOF, PUSH START, REAR VIEW CAMERA WITH PARKING AIDS, DIFFERENT MODE OF DRIVE, BRAKE HOLD, USB PORTS, REAR AC VENTS AND MUCH MORE."">","=""JTJBARBZ3J2174167"" data-year=""2018""  data-make=""Lexus""  data-model=""NX 300""  data-trim=""Dual Interior, Sunroof, BSM, Adaptive Cruise Control"">","https://autobunny-docs.s3.ca-central-1.amazonaws.com/1232/car/forsale/images/2026/04/pic-6605cb9679c726e2031a1c1678c448e5.jpg|https://autobunny-docs.s3.ca-central-1.amazonaws.com/1232/web-content/logo-icon.png|https://www.peelcarsales.com/images/logo.png|https://autobunny-docs.s3.ca-central-1.amazonaws.com/common/design/welcome/welcome-car-21.jpg|https://autobunny-docs.s3.ca-central-1.amazonaws.com/common/design/welcome/welcome-car-45.jpg|https://autobunny-docs.s3.ca-central-1.amazonaws.com/common/design/car/style/sedan.png|https://autobunny-docs.s3.ca-central-1.amazonaws.com/common/design/car/style/pickup.png|https://autobunny-docs.s3.ca-central-1.amazonaws.com/common/design/car/style/suv.png|https://autobunny-docs.s3.ca-central-1.amazonaws.com/common/design/car/style/van.png|https://autobunny-docs.s3.ca-central-1.amazonaws.com/common/design/welcome/welcome-car-23-1.jpg|https://autobunny-docs.s3.ca-central-1.amazonaws.com/common/design/icon/select-arrow-black.png|https://autobunny-docs.s3.ca-central-1.amazonaws.com/common/design/icon/search-icon-gray.png","ABS Brakes|Air Conditioning|Alloy Wheels|AM/FM Stereo|Backup Camera|Bluetooth|CD Player|Cruise Control|Cup Holder|Digital Clock|Driver Side Airbag|Entertainment System|Fog Lights|Heated Exterior Mirrors|Keyless Entry|Leather Steering Wheels|Low Tire Pressure Warning|Passenger Airbag|Power Locks|Power Mirrors","Key Features:
ALLOY WHEELS, BLIND SPOT MONITORING, HEATED AND VENTED SEATS, HEATED STEERING WHEEL, MEMORY SEATS, POWER ADJUSTABLE SEATS WITH LUMBER SUPPORT, DUAL ZONE CLIMATE CONTROL, ADAPTIVE CRUISE CONTROL, DUAL TONE INTERIOR, SUNROOF, PUSH START, REAR VIEW CAMERA WITH PARKING AIDS, DIFFERENT MODE OF DRIVE, BRAKE HOLD, USB PORTS, REAR AC VENTS AND MUCH MORE.","pending","2026-05-07T19:19:53.527Z"
"2023-Mazda-CX-9-SUV-676598","Mazda","CX-9","2023","34990","1500","gasoline","automatic","sedan",", and luxurious black interior, this car is sure to turn heads. Equipped with AWD and a 4-cylinder engine, it offers both style and performance. Don't miss out on this stylish and reliable ride!",", this car is sure to turn heads. Equipped with AWD and a 4-cylinder engine, it offers both style and performance. Don't miss out on this stylish and reliable ride!","=""JM3TCBDY5P0636821"" data-year=""2023""  data-make=""Mazda""  data-model=""CX-9""  data-trim=""GT, One-Owner, Bose Audio System, Headsup Display, Sunroof."">","https://autobunny-docs.s3.ca-central-1.amazonaws.com/1232/car/forsale/images/2026/04/pic-2da08524afc1cd176e5ea3e0e88226ad.jpg|https://autobunny-docs.s3.ca-central-1.amazonaws.com/1232/web-content/logo-icon.png|https://www.peelcarsales.com/images/logo.png|https://autobunny-docs.s3.ca-central-1.amazonaws.com/common/design/welcome/welcome-car-21.jpg|https://autobunny-docs.s3.ca-central-1.amazonaws.com/common/design/welcome/welcome-car-45.jpg|https://autobunny-docs.s3.ca-central-1.amazonaws.com/common/design/car/style/sedan.png|https://autobunny-docs.s3.ca-central-1.amazonaws.com/common/design/car/style/pickup.png|https://autobunny-docs.s3.ca-central-1.amazonaws.com/common/design/car/style/suv.png|https://autobunny-docs.s3.ca-central-1.amazonaws.com/common/design/car/style/van.png|https://autobunny-docs.s3.ca-central-1.amazonaws.com/common/design/welcome/welcome-car-23-1.jpg|https://autobunny-docs.s3.ca-central-1.amazonaws.com/common/design/icon/select-arrow-black.png|https://autobunny-docs.s3.ca-central-1.amazonaws.com/common/design/icon/search-icon-gray.png","ABS Brakes|AM/FM Stereo|CD Player|Entertainment System|Satellite Radio|Traction Control|Daytime Running Lights - Included|Automatic Headlights - Included|Hid Headlights - Not Available|Headlights-Auto-Leveling - Included|Night Vision - Not Available|Integrated Turn Signal Mirrors - Included|Auto-Dimming Rearview Mirror - Included|Smart Device Integration - Included|Apple Carplay - Included|Android Auto - Included|Wifi Hotspot - Not Available|Bluetooth Connection - Included|Power Outlet - Not Available|Wireless Charging - Not Available","This 2023 Mazda CX-9 GT is a standout SUV! With only one owner, a sleek white exterior, and luxurious black interior, this car is sure to turn heads. Equipped with AWD and a 4-cylinder engine, it offers both style and performance. Don't miss out on this stylish and reliable ride!
&nbsp;
Key Features:
&nbsp;ALLOY WHEELS, KEYLESS ENTRY, TRACTION CONTROL, BOSE AUDIO SYSTEM, ADAPTIVE CRUISE CONTROL, LUMBER SUPPORT, MEMORY SEATS, ADAPTIVE CRUISE CONTROL, PADDLE SHIFTER, PUSH BUTTON START, HEADSUP DISPLAY, NAVIGATION, APPLE CARPLAY AND ANDROID AUTO, REAR VIEW CAMERA WITH PARKING AIDS, HEATED SEATS, VENTED SEATS, HEATED STEERING WHEEL, DUAL ZONE CLIMATE CONTROL, AUTO HOLD, DIFFERENT MODE OF DRIVE LEATHER SEATS, SUNROOF, REAR AV VENTS AND TEMPERATURE CONTROL, AND MANY MORE.&nbsp;","pending","2026-05-07T19:19:59.158Z"
"2025-Honda-Civic-Hybrid-Sedan-680367","Honda","Civic Hybrid","2025","2000","1500","gasoline","automatic","sedan",", it's the perfect blend of efficiency and sophistication. Don't miss out on this fantastic FWD drive - it won't be here for long!","Trim -inc: Piano Black/Metal-Look Instrument Panel Insert, Piano Black Door Panel Insert, Metal-Look Console Insert and Piano Black/Metal-Look Interior Accents","=""2HGFE4F89SH013149"" data-year=""2025""  data-make=""Honda""  data-model=""Civic Hybrid""  data-trim=""Sport"">","https://autobunny-docs.s3.ca-central-1.amazonaws.com/1232/car/forsale/images/2026/04/pic-fcdbb1c99998af2bec3cf504808b64ef.jpg|https://autobunny-docs.s3.ca-central-1.amazonaws.com/1232/web-content/logo-icon.png|https://www.peelcarsales.com/images/logo.png|https://autobunny-docs.s3.ca-central-1.amazonaws.com/common/design/welcome/welcome-car-21.jpg|https://autobunny-docs.s3.ca-central-1.amazonaws.com/common/design/welcome/welcome-car-45.jpg|https://autobunny-docs.s3.ca-central-1.amazonaws.com/common/design/car/style/sedan.png|https://autobunny-docs.s3.ca-central-1.amazonaws.com/common/design/car/style/pickup.png|https://autobunny-docs.s3.ca-central-1.amazonaws.com/common/design/car/style/suv.png|https://autobunny-docs.s3.ca-central-1.amazonaws.com/common/design/car/style/van.png|https://autobunny-docs.s3.ca-central-1.amazonaws.com/common/design/welcome/welcome-car-23-1.jpg|https://autobunny-docs.s3.ca-central-1.amazonaws.com/common/design/icon/select-arrow-black.png|https://autobunny-docs.s3.ca-central-1.amazonaws.com/common/design/icon/search-icon-gray.png","ABS Brakes|Air Conditioning|Alloy Wheels|AM/FM Stereo|Backup Camera|Bluetooth|CD Player|Cruise Control|Cup Holder|Digital Clock|Driver Side Airbag|Entertainment System|Heated Exterior Mirrors|Keyless Entry|Leather Steering Wheels|Low Tire Pressure Warning|Passenger Airbag|Power Locks|Power Mirrors|Power-Assist Disc Brakes","This 2025 Honda Civic Hybrid is a sleek sedan with a sporty trim that's sure to turn heads. With low mileage and a stylish white exterior, it's the perfect blend of efficiency and sophistication. Don't miss out on this fantastic FWD drive - it won't be here for long!
KEY FEATURES: KEYLESS ENTRY, PUSH BUTTON START, PREMIUM PIANO BLACK ALLOYS, REMOTE STARTER, REARVIEW CAMERA,
BLINDSPOTS DETECTION, HEATED SEATS, HEATED STEERING WHEEL, DIGITAL CLUSTER DISPLAY, ADAPTIVE CRUISE CONTROL,
LANE ASSIST, LANE DEPARTURE WARNING, FRONT COLLISION WARNING, REAR TRAFFIC ALERT, REAR PARKING AID, SUNROOF,
DUAL CLIMATE CONTROL, BLUETOOTH, APPLE CARPLAY, ANDRIOD AUTO, SUNROOF AND MORE!","pending","2026-05-07T19:20:04.654Z"
"2024-Volkswagen-Jetta-Sedan-679970","Volkswagen","Jetta","2024","23491","1500","gasoline","automatic","sedan","color=&amp;engine=&amp;fuel_type=&amp;inventorySearchTxt=&amp;submit=&amp;compare=""> Value Deals",":","=""3VWEM7BU1RM073355"" data-year=""2024""  data-make=""Volkswagen""  data-model=""Jetta""  data-trim=""Comfortline, Back Camera, Alloy Wheels, Apple Carplay."">","https://autobunny-docs.s3.ca-central-1.amazonaws.com/1232/car/forsale/images/2026/04/pic-bcca9c1ecdaf06276233f496654086e2.jpg|https://autobunny-docs.s3.ca-central-1.amazonaws.com/1232/web-content/logo-icon.png|https://www.peelcarsales.com/images/logo.png|https://autobunny-docs.s3.ca-central-1.amazonaws.com/common/design/welcome/welcome-car-21.jpg|https://autobunny-docs.s3.ca-central-1.amazonaws.com/common/design/welcome/welcome-car-45.jpg|https://autobunny-docs.s3.ca-central-1.amazonaws.com/common/design/car/style/sedan.png|https://autobunny-docs.s3.ca-central-1.amazonaws.com/common/design/car/style/pickup.png|https://autobunny-docs.s3.ca-central-1.amazonaws.com/common/design/car/style/suv.png|https://autobunny-docs.s3.ca-central-1.amazonaws.com/common/design/car/style/van.png|https://autobunny-docs.s3.ca-central-1.amazonaws.com/common/design/welcome/welcome-car-23-1.jpg|https://autobunny-docs.s3.ca-central-1.amazonaws.com/common/design/icon/select-arrow-black.png|https://autobunny-docs.s3.ca-central-1.amazonaws.com/common/design/icon/search-icon-gray.png","ABS Brakes|AM/FM Stereo|CD Player|Entertainment System|Satellite Radio|Traction Control|Daytime Running Lights - Included|Automatic Headlights - Included|Hid Headlights - Not Available|Headlights-Auto-Leveling - Not Available|Night Vision - Not Available|Integrated Turn Signal Mirrors - Not Available|Auto-Dimming Rearview Mirror - Included|Smart Device Integration - Included|Apple Carplay - Included|Android Auto - Included|Wifi Hotspot - Included|Bluetooth Connection - Included|Power Outlet - Not Available|Wireless Charging - Not Available","Key Features: KEYLESS ENTRY, PUSH BUTTON START, PREMIUM ALLOYS, REARVIEW CAMERA WITH PARKING AID,
BLINDSPOTS DETECTION, LEATHER SEATS, POWER SEAT ADJUSTMENTS, DIGITAL CLUSTER DISPLAY, TOUCH DISPLAY SCREEN, ADAPTIVE CRUISE CONTROL, LANE ASSIST,
LANE DEPARTURE WARNING, FRONT COLLISION WARNING, BLUETOOTH, WIRELESS APPLE CARPLAY &amp; ANDRIOD AUTO, DUAL CLIMATE CONTROL, HEATED SEATS,","pending","2026-05-07T19:20:10.219Z"
"2023-Volkswagen-Taos-SUV-679959","Volkswagen","Taos","2023","25999","1500","gasoline","automatic","sedan","color=&amp;engine=&amp;fuel_type=&amp;inventorySearchTxt=&amp;submit=&amp;compare=""> Value Deals",":","=""3VVWX7B21PM307148"" data-year=""2023""  data-make=""Volkswagen""  data-model=""Taos""  data-trim=""Comfortline, Backup Camera, Dual Zone Climate, Adaptive Cruise Control."">","https://autobunny-docs.s3.ca-central-1.amazonaws.com/1232/car/forsale/images/2026/04/pic-e4e957cfb3ead77c105ca9181076108a.jpg|https://autobunny-docs.s3.ca-central-1.amazonaws.com/1232/web-content/logo-icon.png|https://www.peelcarsales.com/images/logo.png|https://autobunny-docs.s3.ca-central-1.amazonaws.com/common/design/welcome/welcome-car-21.jpg|https://autobunny-docs.s3.ca-central-1.amazonaws.com/common/design/welcome/welcome-car-45.jpg|https://autobunny-docs.s3.ca-central-1.amazonaws.com/common/design/car/style/sedan.png|https://autobunny-docs.s3.ca-central-1.amazonaws.com/common/design/car/style/pickup.png|https://autobunny-docs.s3.ca-central-1.amazonaws.com/common/design/car/style/suv.png|https://autobunny-docs.s3.ca-central-1.amazonaws.com/common/design/car/style/van.png|https://autobunny-docs.s3.ca-central-1.amazonaws.com/common/design/welcome/welcome-car-23-1.jpg|https://autobunny-docs.s3.ca-central-1.amazonaws.com/common/design/icon/select-arrow-black.png|https://autobunny-docs.s3.ca-central-1.amazonaws.com/common/design/icon/search-icon-gray.png","ABS Brakes|AM/FM Stereo|CD Player|Entertainment System|Satellite Radio|Traction Control|Daytime Running Lights - Included|Automatic Headlights - Included|Hid Headlights - Not Available|Headlights-Auto-Leveling - Not Available|Night Vision - Not Available|Integrated Turn Signal Mirrors - Not Available|Auto-Dimming Rearview Mirror - Included|Smart Device Integration - Included|Apple Carplay - Included|Android Auto - Included|Wifi Hotspot - Not Available|Bluetooth Connection - Included|Power Outlet - Not Available|Wireless Charging - Not Available","","pending","2026-05-07T19:20:15.671Z"
"2022-Mazda-MAZDA3-Sedan-679931","Mazda","MAZDA3","2022","27499","1500","gasoline","automatic","sedan","color=&amp;engine=&amp;fuel_type=&amp;inventorySearchTxt=&amp;submit=&amp;compare=""> Value Deals",":","=""JM1BPBDL0N1505865"" data-year=""2022""  data-make=""Mazda""  data-model=""MAZDA3""  data-trim=""GT, Bose Audio, Sunroof, Adaptive Cruise Control, Heads up Display"">","https://autobunny-docs.s3.ca-central-1.amazonaws.com/1232/car/forsale/images/2026/05/pic-c019f962db68b6e889d4b4fcc8437910.jpg|https://autobunny-docs.s3.ca-central-1.amazonaws.com/1232/web-content/logo-icon.png|https://www.peelcarsales.com/images/logo.png|https://autobunny-docs.s3.ca-central-1.amazonaws.com/common/design/welcome/welcome-car-21.jpg|https://autobunny-docs.s3.ca-central-1.amazonaws.com/common/design/welcome/welcome-car-45.jpg|https://autobunny-docs.s3.ca-central-1.amazonaws.com/common/design/car/style/sedan.png|https://autobunny-docs.s3.ca-central-1.amazonaws.com/common/design/car/style/pickup.png|https://autobunny-docs.s3.ca-central-1.amazonaws.com/common/design/car/style/suv.png|https://autobunny-docs.s3.ca-central-1.amazonaws.com/common/design/car/style/van.png|https://autobunny-docs.s3.ca-central-1.amazonaws.com/common/design/welcome/welcome-car-23-1.jpg|https://autobunny-docs.s3.ca-central-1.amazonaws.com/common/design/icon/select-arrow-black.png|https://autobunny-docs.s3.ca-central-1.amazonaws.com/common/design/icon/search-icon-gray.png","ABS Brakes|AM/FM Stereo|CD Player|Entertainment System|Satellite Radio|Traction Control|Daytime Running Lights - Included|Automatic Headlights - Included|Hid Headlights - Not Available|Headlights-Auto-Leveling - Included|Night Vision - Not Available|Integrated Turn Signal Mirrors - Included|Auto-Dimming Rearview Mirror - Included|Smart Device Integration - Included|Apple Carplay - Included|Android Auto - Included|Wifi Hotspot - Not Available|Bluetooth Connection - Included|Power Outlet - Not Available|Wireless Charging - Not Available","KEY FEATURES : KEYLESS ENTRY | PUSH BUTTON START | PREMIUM WHEELS | REARVIEW CAMERA | SUNROOF | LED HEADLIGHTS | PREMIUM LEATHER SEATS | POWER SEATS ADJUSTMENTS | LANE ASSIST |&nbsp;
LANE DEPARTURE WARNING | ADAPTIVE CRUISE CONTROL | BLUETOOTH | STEERING WHEEL ASSIST | BLINDSPOT DETECTION | APPLE CAR PLAY / ANDROID AUTO | HEATED SEATS | NAVIGATION&nbsp;| DRIVE MODES | DUAL CLIMATE CONTROL | FRONT USB PORTS | HEATED STEERING WHEEL | MEMORY SEATS | HEADS UP DISPLAY | 360 CAMERA | AWD&nbsp;","pending","2026-05-07T19:20:21.109Z"
"2022-Hyundai-Sonata-Sedan-685569","Hyundai","Sonata","2022","25499","1500","gasoline","automatic","sedan","color=&amp;engine=&amp;fuel_type=&amp;inventorySearchTxt=&amp;submit=&amp;compare=""> Value Deals","Trim -inc: Metal-Look Instrument Panel Insert, Metal-Look Door Panel Insert, Metal-Look/Piano Black Console Insert and Metal-Look Interior Accents(Optional)","=""5NPEK4JC9NH136203"" data-year=""2022""  data-make=""Hyundai""  data-model=""Sonata""  data-trim=""N Line, SUNROOF, LEATHER SEATS, ALLOY WHEELS"">","https://autobunny-docs.s3.ca-central-1.amazonaws.com/1232/car/forsale/images/2026/05/pic-3571aa655871cad8c85cce3425f4cf68.jpg|https://autobunny-docs.s3.ca-central-1.amazonaws.com/1232/web-content/logo-icon.png|https://www.peelcarsales.com/images/logo.png|https://autobunny-docs.s3.ca-central-1.amazonaws.com/common/design/welcome/welcome-car-21.jpg|https://autobunny-docs.s3.ca-central-1.amazonaws.com/common/design/welcome/welcome-car-45.jpg|https://autobunny-docs.s3.ca-central-1.amazonaws.com/common/design/car/style/sedan.png|https://autobunny-docs.s3.ca-central-1.amazonaws.com/common/design/car/style/pickup.png|https://autobunny-docs.s3.ca-central-1.amazonaws.com/common/design/car/style/suv.png|https://autobunny-docs.s3.ca-central-1.amazonaws.com/common/design/car/style/van.png|https://autobunny-docs.s3.ca-central-1.amazonaws.com/common/design/welcome/welcome-car-23-1.jpg|https://autobunny-docs.s3.ca-central-1.amazonaws.com/common/design/icon/select-arrow-black.png|https://autobunny-docs.s3.ca-central-1.amazonaws.com/common/design/icon/search-icon-gray.png","ABS Brakes|Air Conditioning|AM/FM Stereo|Backup Camera|Bluetooth|CD Player|Cruise Control|Cup Holder|Digital Clock|Driver Side Airbag|Entertainment System|Keyless Entry|Low Tire Pressure Warning|Passenger Airbag|Power Locks|Power Mirrors|Rear Window Defroster|Tinted Glass|Traction Control|Trip Odometer","New Arrival","pending","2026-05-07T19:20:26.646Z"
"2022-Honda-Civic-Sedan-685567","Honda","Civic","2022","23999","1500","gasoline","automatic","sedan","color=&amp;engine=&amp;fuel_type=&amp;inventorySearchTxt=&amp;submit=&amp;compare=""> Value Deals",":","=""2HGFE2F24NH100011"" data-year=""2022""  data-make=""Honda""  data-model=""Civic""  data-trim=""LX CVT, Back Camera, Apple Carplay, Heated Seats"">","https://autobunny-docs.s3.ca-central-1.amazonaws.com/1232/car/forsale/images/2026/05/pic-2f1c6ef9744420bb35449dd3a548ed05.jpg|https://autobunny-docs.s3.ca-central-1.amazonaws.com/1232/web-content/logo-icon.png|https://www.peelcarsales.com/images/logo.png|https://autobunny-docs.s3.ca-central-1.amazonaws.com/common/design/welcome/welcome-car-21.jpg|https://autobunny-docs.s3.ca-central-1.amazonaws.com/common/design/welcome/welcome-car-45.jpg|https://autobunny-docs.s3.ca-central-1.amazonaws.com/common/design/car/style/sedan.png|https://autobunny-docs.s3.ca-central-1.amazonaws.com/common/design/car/style/pickup.png|https://autobunny-docs.s3.ca-central-1.amazonaws.com/common/design/car/style/suv.png|https://autobunny-docs.s3.ca-central-1.amazonaws.com/common/design/car/style/van.png|https://autobunny-docs.s3.ca-central-1.amazonaws.com/common/design/welcome/welcome-car-23-1.jpg|https://autobunny-docs.s3.ca-central-1.amazonaws.com/common/design/icon/select-arrow-black.png|https://autobunny-docs.s3.ca-central-1.amazonaws.com/common/design/icon/search-icon-gray.png","ABS Brakes|AM/FM Stereo|CD Player|Entertainment System|Satellite Radio|Traction Control|Daytime Running Lights - Included|Automatic Headlights - Included|Hid Headlights - Not Available|Headlights-Auto-Leveling - Not Available|Night Vision - Not Available|Integrated Turn Signal Mirrors - Not Available|Auto-Dimming Rearview Mirror - Not Available|Smart Device Integration - Included|Apple Carplay - Included|Android Auto - Included|Wifi Hotspot - Not Available|Bluetooth Connection - Included|Power Outlet - Not Available|Wireless Charging - Not Available","New Arrival","pending","2026-05-07T19:20:32.067Z"
"2018-Dodge-Grand-Caravan-Van-Minivan-685564","Dodge","Grand Caravan","2018","18499","1500","gasoline","automatic","sedan","color=&amp;engine=&amp;fuel_type=&amp;inventorySearchTxt=&amp;submit=&amp;compare=""> Value Deals",":","=""2C4RDGBG2JR167689"" data-year=""2018""  data-make=""Dodge""  data-model=""Grand Caravan""  data-trim=""SXT/CVP"">","https://autobunny-docs.s3.ca-central-1.amazonaws.com/1232/car/forsale/images/2026/05/pic-ab34d1dcd694622d67651103f44a409e.jpg|https://autobunny-docs.s3.ca-central-1.amazonaws.com/1232/web-content/logo-icon.png|https://www.peelcarsales.com/images/logo.png|https://autobunny-docs.s3.ca-central-1.amazonaws.com/common/design/welcome/welcome-car-21.jpg|https://autobunny-docs.s3.ca-central-1.amazonaws.com/common/design/welcome/welcome-car-45.jpg|https://autobunny-docs.s3.ca-central-1.amazonaws.com/common/design/car/style/sedan.png|https://autobunny-docs.s3.ca-central-1.amazonaws.com/common/design/car/style/pickup.png|https://autobunny-docs.s3.ca-central-1.amazonaws.com/common/design/car/style/suv.png|https://autobunny-docs.s3.ca-central-1.amazonaws.com/common/design/car/style/van.png|https://autobunny-docs.s3.ca-central-1.amazonaws.com/common/design/welcome/welcome-car-23-1.jpg|https://autobunny-docs.s3.ca-central-1.amazonaws.com/common/design/icon/select-arrow-black.png|https://autobunny-docs.s3.ca-central-1.amazonaws.com/common/design/icon/search-icon-gray.png","ABS Brakes|AM/FM Stereo|CD Player|Entertainment System|Satellite Radio|Traction Control|Daytime Running Lights - Included|Automatic Headlights - Not Available|Hid Headlights - Not Available|Headlights-Auto-Leveling - Not Available|Night Vision - Not Available|Integrated Turn Signal Mirrors - Not Available|Auto-Dimming Rearview Mirror - Included|Smart Device Integration - Not Available|Apple Carplay - Not Available|Android Auto - Not Available|Wifi Hotspot - Not Available|Bluetooth Connection - Included|Power Outlet - Not Available|Wireless Charging - Not Available","New Arrival","pending","2026-05-07T19:20:37.475Z"
"2025-Toyota-Camry-Hybrid-Sedan-649220","Toyota","Camry Hybrid","2025","2000","4100","gasoline","automatic","sedan","and interior give it a modern and sophisticated look. Don't miss out on this opportunity to own a top-notch vehicle!""","give it a modern and sophisticated look. Don't miss out on this opportunity to own a top-notch vehicle!""","=""4T1DBADK3SU009232"" data-year=""2025""  data-make=""Toyota""  data-model=""Camry Hybrid""  data-trim=""XSE, Adaptive cruise control, BSM, Wireless Charger."">","https://autobunny-docs.s3.ca-central-1.amazonaws.com/1232/car/forsale/images/2025/11/2025_Toyota_Camry_Hybrid_pic-79455e901c1f6558bb7bdb5f3a8e2c21.jpg|https://autobunny-docs.s3.ca-central-1.amazonaws.com/1232/web-content/logo-icon.png|https://www.peelcarsales.com/images/logo.png|https://autobunny-docs.s3.ca-central-1.amazonaws.com/common/design/welcome/welcome-car-21.jpg|https://autobunny-docs.s3.ca-central-1.amazonaws.com/common/design/welcome/welcome-car-45.jpg|https://autobunny-docs.s3.ca-central-1.amazonaws.com/common/design/car/style/sedan.png|https://autobunny-docs.s3.ca-central-1.amazonaws.com/common/design/car/style/pickup.png|https://autobunny-docs.s3.ca-central-1.amazonaws.com/common/design/car/style/suv.png|https://autobunny-docs.s3.ca-central-1.amazonaws.com/common/design/car/style/van.png|https://autobunny-docs.s3.ca-central-1.amazonaws.com/common/design/welcome/welcome-car-23-1.jpg|https://autobunny-docs.s3.ca-central-1.amazonaws.com/common/design/icon/select-arrow-black.png|https://autobunny-docs.s3.ca-central-1.amazonaws.com/common/design/icon/search-icon-gray.png","","KEY FEATURES: KEYLESS ENTRY, PUSH BUTTON START, PREMIUM ALLOYS, FRONT AND REAR PARKING SENSORS,
LEATHER SEATS, POWER SEATS ADJUSTMENTS, HEATED STEERING WHEEL, HEATED SEATS, 360 DEGREE CAMERA,
DIGITAL CLUSTER DISPLAY, ADAPTIVE CRUISE CONTROL, FRONT COLLISION WARNING, LANE ASSIST, LANE DEPARTURE WARNING, AUTO HOLD, EV MODE, DRIVE MODES, PANORAMIC ROOF, REARVIEW CAMERA WITH PARKING AIDS, VENTED SEATS, WIRELESS CHARGE FOR SMART DEVICES, WIRELESS APPLE CARPLAY AND MORE!
","pending","2026-05-07T19:20:42.898Z"
"2022-Nissan-Sentra-Sedan-653028","Nissan","Sentra","2022","19491","1500","gasoline","automatic","sedan","color=&amp;engine=&amp;fuel_type=&amp;inventorySearchTxt=&amp;submit=&amp;compare=""> Value Deals",":","=""3N1AB8CV5NY300802"" data-year=""2022""  data-make=""Nissan""  data-model=""Sentra""  data-trim=""SV, Sunroof, Alloy Wheels, Remote starter"">","https://autobunny-docs.s3.ca-central-1.amazonaws.com/1232/car/forsale/images/2025/11/pic-de3031bb97dc6a78842af33217571af9.jpg|https://autobunny-docs.s3.ca-central-1.amazonaws.com/1232/web-content/logo-icon.png|https://www.peelcarsales.com/images/logo.png|https://autobunny-docs.s3.ca-central-1.amazonaws.com/common/design/welcome/welcome-car-21.jpg|https://autobunny-docs.s3.ca-central-1.amazonaws.com/common/design/welcome/welcome-car-45.jpg|https://autobunny-docs.s3.ca-central-1.amazonaws.com/common/design/car/style/sedan.png|https://autobunny-docs.s3.ca-central-1.amazonaws.com/common/design/car/style/pickup.png|https://autobunny-docs.s3.ca-central-1.amazonaws.com/common/design/car/style/suv.png|https://autobunny-docs.s3.ca-central-1.amazonaws.com/common/design/car/style/van.png|https://autobunny-docs.s3.ca-central-1.amazonaws.com/common/design/welcome/welcome-car-23-1.jpg|https://autobunny-docs.s3.ca-central-1.amazonaws.com/common/design/icon/select-arrow-black.png|https://autobunny-docs.s3.ca-central-1.amazonaws.com/common/design/icon/search-icon-gray.png","","KEY FEATURES:
ALLOY WHEELS, REMOTE STARTER, STEERING CONTROL BUTTONS, ADAPTIVE CRUISE CONTROL, APPLE CARPLAY AND ANDROID AUTO, REAR VIEW CAMERA WITH PARKING AIDS, DUAL CLIMATE CONTROL, USB PORT AND TYPE-C PORT, PUSH START BUTTON, HEATED SEATS.","pending","2026-05-07T19:20:48.372Z"
"2025-Volkswagen-Jetta-Sedan-649263","Volkswagen","Jetta","2025","2000","500","gasoline","automatic","sedan","color=&amp;engine=&amp;fuel_type=&amp;inventorySearchTxt=&amp;submit=&amp;compare=""> Value Deals",":","=""3VWGX7BU4SM087319"" data-year=""2025""  data-make=""Volkswagen""  data-model=""Jetta""  data-trim=""Highline, Ambient Lights, Wireless Apple carplay."">","https://autobunny-docs.s3.ca-central-1.amazonaws.com/1232/car/forsale/images/2025/11/2025_Volkswagen_Jetta_pic-ffa9b6ee890f63f8f20baa0604b97898.jpg|https://autobunny-docs.s3.ca-central-1.amazonaws.com/1232/web-content/logo-icon.png|https://www.peelcarsales.com/images/logo.png|https://autobunny-docs.s3.ca-central-1.amazonaws.com/common/design/welcome/welcome-car-21.jpg|https://autobunny-docs.s3.ca-central-1.amazonaws.com/common/design/welcome/welcome-car-45.jpg|https://autobunny-docs.s3.ca-central-1.amazonaws.com/common/design/car/style/sedan.png|https://autobunny-docs.s3.ca-central-1.amazonaws.com/common/design/car/style/pickup.png|https://autobunny-docs.s3.ca-central-1.amazonaws.com/common/design/car/style/suv.png|https://autobunny-docs.s3.ca-central-1.amazonaws.com/common/design/car/style/van.png|https://autobunny-docs.s3.ca-central-1.amazonaws.com/common/design/welcome/welcome-car-23-1.jpg|https://autobunny-docs.s3.ca-central-1.amazonaws.com/common/design/icon/select-arrow-black.png|https://autobunny-docs.s3.ca-central-1.amazonaws.com/common/design/icon/search-icon-gray.png","","","pending","2026-05-07T19:20:53.830Z"
"2022-Volkswagen-Jetta-Sedan-653025","Volkswagen","Jetta","2022","24991","1500","gasoline","automatic","sedan","color=&amp;engine=&amp;fuel_type=&amp;inventorySearchTxt=&amp;submit=&amp;compare=""> Value Deals",":","=""3VWGM7BUXNM005008"" data-year=""2022""  data-make=""Volkswagen""  data-model=""Jetta""  data-trim=""Highline, Sunroof, Apple Carplay, Alloys."">","https://autobunny-docs.s3.ca-central-1.amazonaws.com/1232/car/forsale/images/2025/12/pic-5310dba954abc5628781d35f271a6b2e.jpg|https://autobunny-docs.s3.ca-central-1.amazonaws.com/1232/web-content/logo-icon.png|https://www.peelcarsales.com/images/logo.png|https://autobunny-docs.s3.ca-central-1.amazonaws.com/common/design/welcome/welcome-car-21.jpg|https://autobunny-docs.s3.ca-central-1.amazonaws.com/common/design/welcome/welcome-car-45.jpg|https://autobunny-docs.s3.ca-central-1.amazonaws.com/common/design/car/style/sedan.png|https://autobunny-docs.s3.ca-central-1.amazonaws.com/common/design/car/style/pickup.png|https://autobunny-docs.s3.ca-central-1.amazonaws.com/common/design/car/style/suv.png|https://autobunny-docs.s3.ca-central-1.amazonaws.com/common/design/car/style/van.png|https://autobunny-docs.s3.ca-central-1.amazonaws.com/common/design/welcome/welcome-car-23-1.jpg|https://autobunny-docs.s3.ca-central-1.amazonaws.com/common/design/icon/select-arrow-black.png|https://autobunny-docs.s3.ca-central-1.amazonaws.com/common/design/icon/search-icon-gray.png","","Key Features:
Alloy Wheels, Keyless Entry, Blind Spot, Ambient Lights, Power Adjustable Seats, Lumber Support, Memory Seats, Adaptive Cruise Control, Digital Cluster, Wireless Apple Carplay &amp; Android Auto, Rear View Camera With Parking Aids, Heated Seats, Heated Steering Wheels, Dual Climate Control, C-Type ports, USB Ports, Push Start Button, Different Mode of Drive, Sunroof, Premium Leather Seats, Rear Heated Seats, Remote Start.","pending","2026-05-07T19:20:59.259Z"
"2020-BMW-X3-SUV-653022","BMW","X3","2020","28991","1500","gasoline","automatic","sedan","color=&amp;engine=&amp;fuel_type=&amp;inventorySearchTxt=&amp;submit=&amp;compare=""> Value Deals",":","=""5UXTY5C03L9D44731"" data-year=""2020""  data-make=""BMW""  data-model=""X3""  data-trim=""xDrive30i, Panoramic Roof, Premium Essential Package."">","https://autobunny-docs.s3.ca-central-1.amazonaws.com/1232/car/forsale/images/2025/12/pic-1557cd4f009e85f44652459dd343b85e.jpg|https://autobunny-docs.s3.ca-central-1.amazonaws.com/1232/web-content/logo-icon.png|https://www.peelcarsales.com/images/logo.png|https://autobunny-docs.s3.ca-central-1.amazonaws.com/common/design/welcome/welcome-car-21.jpg|https://autobunny-docs.s3.ca-central-1.amazonaws.com/common/design/welcome/welcome-car-45.jpg|https://autobunny-docs.s3.ca-central-1.amazonaws.com/common/design/car/style/sedan.png|https://autobunny-docs.s3.ca-central-1.amazonaws.com/common/design/car/style/pickup.png|https://autobunny-docs.s3.ca-central-1.amazonaws.com/common/design/car/style/suv.png|https://autobunny-docs.s3.ca-central-1.amazonaws.com/common/design/car/style/van.png|https://autobunny-docs.s3.ca-central-1.amazonaws.com/common/design/welcome/welcome-car-23-1.jpg|https://autobunny-docs.s3.ca-central-1.amazonaws.com/common/design/icon/select-arrow-black.png|https://autobunny-docs.s3.ca-central-1.amazonaws.com/common/design/icon/search-icon-gray.png","","key Features:
ALLOY WHEELS, BLIND SPOTS, KEYLESS ENTRY, AMBIENT LIGHT, MEMORY SEATS, POWER SEATS, LUMBER SUPPORT, DIGITAL CLUSTER, CRUISE CONTROL, PADDLE SHIFTER, PUSH START BUTTON, NAVIGATION, REAR VIEW CAMERA WITH PARKING AIDS, DUAL CLIMATE CONTROL, LANE DEPARTURE WARNING, FRONT COLLISION WARNING, HEATED SEATS, DIFFERENT MODE OF DRIVE, AUTO HOLD, PANORAMIC ROOF, PREMIUM LEATHER SEATS, REAR AC VENTS AND TEMPERATURE CONTROL OPTIONS, C-TYPE PORTS, POWER TRUNK, WIRELESS ANDROID AUTO &amp; APPLE CARPLAY, HEATED SEATS.","pending","2026-05-07T19:21:04.662Z"
"2022-Mercedes-Benz-GLC43-AMG-SUV-649217","Mercedes-Benz","GLC43 AMG","2022","48991","1500","gasoline","automatic","sedan","color=&amp;engine=&amp;fuel_type=&amp;inventorySearchTxt=&amp;submit=&amp;compare=""> Value Deals",":","=""W1N0G6EB6NV374690"" data-year=""2022""  data-make=""Mercedes-Benz""  data-model=""GLC43 AMG""  data-trim=""Twin-Turbo, Assistance Package, Winter Tires Included."">","https://autobunny-docs.s3.ca-central-1.amazonaws.com/1232/car/forsale/images/2025/11/2022_Mercedes-Benz_GLC43_AMG_pic-0845e6100747772a973a39d56532cb4a.jpg|https://autobunny-docs.s3.ca-central-1.amazonaws.com/1232/web-content/logo-icon.png|https://www.peelcarsales.com/images/logo.png|https://autobunny-docs.s3.ca-central-1.amazonaws.com/common/design/welcome/welcome-car-21.jpg|https://autobunny-docs.s3.ca-central-1.amazonaws.com/common/design/welcome/welcome-car-45.jpg|https://autobunny-docs.s3.ca-central-1.amazonaws.com/common/design/car/style/sedan.png|https://autobunny-docs.s3.ca-central-1.amazonaws.com/common/design/car/style/pickup.png|https://autobunny-docs.s3.ca-central-1.amazonaws.com/common/design/car/style/suv.png|https://autobunny-docs.s3.ca-central-1.amazonaws.com/common/design/car/style/van.png|https://autobunny-docs.s3.ca-central-1.amazonaws.com/common/design/welcome/welcome-car-23-1.jpg|https://autobunny-docs.s3.ca-central-1.amazonaws.com/common/design/icon/select-arrow-black.png|https://autobunny-docs.s3.ca-central-1.amazonaws.com/common/design/icon/search-icon-gray.png","","KEY FEATURES:
KEYLESS ENTRY, PUSH BUTTON START, REARVIEW CAMERA, FRONT AND REAR PARKING SENSORS, BLINDSPOTS DETECTION, MEMORY SEATS, HEATED SEATS, HEATED STEERING, SUSPENSION SETTINGS, TRACTION CONTROL,&nbsp;POWER SEATS ADJUSTMENTS, DIGITAL CLUSTER DISPLAY, DRIVER ASSISTANCE PACKAGE, CRUISE CONTROL, PADDLE SHIFTERS, NAVIGATION, TOUCH DISPLAY SCREEN, APPLE CARPLAY / ANDROID AUTO, BLUETOOTH, DUAL CLIMATE CONTROL, DRIVE MODES,360 CAMERA,&nbsp;PANORAMIC ROOF, AMBIENT LIGHTS AND MORE&nbsp;
&nbsp;","pending","2026-05-07T19:21:10.266Z"
"2017-Mercedes-Benz-G-Class-SUV-649210","Mercedes-Benz","G-Class","2017","2000","1500","gasoline","automatic","sedan",", luxurious red interior, and impressive features like the AMG G 63 trim, Carbon fibre Inlay Package, and Apple CarPlay, this SUV is a true head-turner. Don't miss out on this stylish and powerful ride with only 80,800 miles on the odometer!",", and impressive features like the AMG G 63 trim, Carbon fibre Inlay Package, and Apple CarPlay, this SUV is a true head-turner. Don't miss out on this stylish and powerful ride with only 80,800 miles on the odometer!","=""WDCYC7DF5HX271862"" data-year=""2017""  data-make=""Mercedes-Benz""  data-model=""G-Class""  data-trim=""AMG G 63, Designio Package, Carbon fibre Inlay Package, Apple carplay."">","https://autobunny-docs.s3.ca-central-1.amazonaws.com/1232/car/forsale/images/2025/11/2017_Mercedes-Benz_G-Class_pic-27a48314ceaf5f668960baf59f1956cd.jpg|https://autobunny-docs.s3.ca-central-1.amazonaws.com/1232/web-content/logo-icon.png|https://www.peelcarsales.com/images/logo.png|https://autobunny-docs.s3.ca-central-1.amazonaws.com/common/design/welcome/welcome-car-21.jpg|https://autobunny-docs.s3.ca-central-1.amazonaws.com/common/design/welcome/welcome-car-45.jpg|https://autobunny-docs.s3.ca-central-1.amazonaws.com/common/design/car/style/sedan.png|https://autobunny-docs.s3.ca-central-1.amazonaws.com/common/design/car/style/pickup.png|https://autobunny-docs.s3.ca-central-1.amazonaws.com/common/design/car/style/suv.png|https://autobunny-docs.s3.ca-central-1.amazonaws.com/common/design/car/style/van.png|https://autobunny-docs.s3.ca-central-1.amazonaws.com/common/design/welcome/welcome-car-23-1.jpg|https://autobunny-docs.s3.ca-central-1.amazonaws.com/common/design/icon/select-arrow-black.png|https://autobunny-docs.s3.ca-central-1.amazonaws.com/common/design/icon/search-icon-gray.png","","Check out this stunning 2017 Mercedes-Benz G-Class! With its sleek black exterior, luxurious red interior, and impressive features like the AMG G 63 trim, Carbon fibre Inlay Package, and Apple CarPlay, this SUV is a true head-turner. Don't miss out on this stylish and powerful ride with only 80,800 miles on the odometer!
&nbsp;
Add ons: No Rust, Ceramic coated, 4 New tires plus All brakes done From Mercedes.
&nbsp;","pending","2026-05-07T19:21:15.728Z"
"2019-Volkswagen-GLI-Sedan-649346","Volkswagen","GLI","2019","21991","0","gasoline","automatic","sedan","color=&amp;engine=&amp;fuel_type=&amp;inventorySearchTxt=&amp;submit=&amp;compare=""> Value Deals",":","=""3VW6T7BU0KM233738"" data-year=""2019""  data-make=""Volkswagen""  data-model=""GLI""  data-trim=""Sunroof, Keyless Entry, Leather Seats"">","https://autobunny-docs.s3.ca-central-1.amazonaws.com/1232/car/forsale/images/2025/11/pic-b77518be40656d8c0f53e3855ce40395.jpg|https://autobunny-docs.s3.ca-central-1.amazonaws.com/1232/web-content/logo-icon.png|https://www.peelcarsales.com/images/logo.png|https://autobunny-docs.s3.ca-central-1.amazonaws.com/common/design/welcome/welcome-car-21.jpg|https://autobunny-docs.s3.ca-central-1.amazonaws.com/common/design/welcome/welcome-car-45.jpg|https://autobunny-docs.s3.ca-central-1.amazonaws.com/common/design/car/style/sedan.png|https://autobunny-docs.s3.ca-central-1.amazonaws.com/common/design/car/style/pickup.png|https://autobunny-docs.s3.ca-central-1.amazonaws.com/common/design/car/style/suv.png|https://autobunny-docs.s3.ca-central-1.amazonaws.com/common/design/car/style/van.png|https://autobunny-docs.s3.ca-central-1.amazonaws.com/common/design/welcome/welcome-car-23-1.jpg|https://autobunny-docs.s3.ca-central-1.amazonaws.com/common/design/icon/select-arrow-black.png|https://autobunny-docs.s3.ca-central-1.amazonaws.com/common/design/icon/search-icon-gray.png","","Key Features:
Alloy Wheels, Red Calipers, Blind Spots, Keyless Entry, Power Adjustable Seats, Lumber Support, Memory Seats, Digital Cluster, Adaptive Cruise Control, Paddle Shifters, Navigation, Apple Carplay &amp; Android&nbsp;Auto, Rear View Camera With Parking Aids, Heated Seats, Vented Seats, Dual Climate Control, Wireless Charging, USB Port, Push Start Button, Different Mode of Drive, Sunroof, Leather Seats, Rear Heated Seats and Many More.","pending","2026-05-07T19:21:21.174Z"
"2019-Mercedes-Benz-E-Class-Sedan-653021","Mercedes-Benz","E-Class","2019","31991","1500","gasoline","automatic","sedan","and spacious brown interior, this car is sure to turn heads wherever you go. Don't miss out on the opportunity to drive home in this impressive vehicle today!",". With its sleek black exterior and spacious brown interior, this car is sure to turn heads wherever you go. Don't miss out on the opportunity to drive home in this impressive vehicle today!","=""WDDZF4KB1KA513577"" data-year=""2019""  data-make=""Mercedes-Benz""  data-model=""E-Class""  data-trim=""E300, HUD, Adaptive Cruise Control, Dual Tone Interior |"">","https://autobunny-docs.s3.ca-central-1.amazonaws.com/1232/car/forsale/images/2025/11/2019_Mercedes-Benz_E-Class_pic-f99b50139b7e092bb931f3b27db9a9be.jpg|https://autobunny-docs.s3.ca-central-1.amazonaws.com/1232/web-content/logo-icon.png|https://www.peelcarsales.com/images/logo.png|https://autobunny-docs.s3.ca-central-1.amazonaws.com/common/design/welcome/welcome-car-21.jpg|https://autobunny-docs.s3.ca-central-1.amazonaws.com/common/design/welcome/welcome-car-45.jpg|https://autobunny-docs.s3.ca-central-1.amazonaws.com/common/design/car/style/sedan.png|https://autobunny-docs.s3.ca-central-1.amazonaws.com/common/design/car/style/pickup.png|https://autobunny-docs.s3.ca-central-1.amazonaws.com/common/design/car/style/suv.png|https://autobunny-docs.s3.ca-central-1.amazonaws.com/common/design/car/style/van.png|https://autobunny-docs.s3.ca-central-1.amazonaws.com/common/design/welcome/welcome-car-23-1.jpg|https://autobunny-docs.s3.ca-central-1.amazonaws.com/common/design/icon/select-arrow-black.png|https://autobunny-docs.s3.ca-central-1.amazonaws.com/common/design/icon/search-icon-gray.png","","This 2019 Mercedes-Benz E-Class is a stylish and luxurious sedan with advanced features like Adaptive Cruise Control and a Dual Tone Interior. With its sleek black exterior and spacious brown interior, this car is sure to turn heads wherever you go. Don't miss out on the opportunity to drive home in this impressive vehicle today!
Key Features: Blind Spot Monitoring, Keyless Entry, Power Adjustable Seats with Memory, Heated Seats, Lumbar Support, Burmester Sound System, Heated Steering Wheel, Heads-Up Display, Digital Cluster, Drive Modes, Adaptive Cruise Control, Paddle Shifter, Push Start, Assistance Package, Ambient Lighting, Rear Camera with Parking Aids and 360 View, Dual Climate, Panoramic Roof, Brown Leather Seats, Rear AC Vents &amp; Cupholders.&nbsp;","pending","2026-05-07T19:21:26.593Z"
"2022-Volvo-XC40-SUV-657468","Volvo","XC40","2022","32991","1500","gasoline","automatic","sedan","color=&amp;engine=&amp;fuel_type=&amp;inventorySearchTxt=&amp;submit=&amp;compare=""> Value Deals",":","=""YV4ED3UB0N2759876"" data-year=""2022""  data-make=""Volvo""  data-model=""XC40""  data-trim=""Recharge Pure Electric P8 Ultimate, Panoramic Roof, BSM, Tow Package,"">","https://autobunny-docs.s3.ca-central-1.amazonaws.com/1232/car/forsale/images/2026/01/pic-f99ff739fc8c141905dfde8c33273e86.jpg|https://autobunny-docs.s3.ca-central-1.amazonaws.com/1232/web-content/logo-icon.png|https://www.peelcarsales.com/images/logo.png|https://autobunny-docs.s3.ca-central-1.amazonaws.com/common/design/welcome/welcome-car-21.jpg|https://autobunny-docs.s3.ca-central-1.amazonaws.com/common/design/welcome/welcome-car-45.jpg|https://autobunny-docs.s3.ca-central-1.amazonaws.com/common/design/car/style/sedan.png|https://autobunny-docs.s3.ca-central-1.amazonaws.com/common/design/car/style/pickup.png|https://autobunny-docs.s3.ca-central-1.amazonaws.com/common/design/car/style/suv.png|https://autobunny-docs.s3.ca-central-1.amazonaws.com/common/design/car/style/van.png|https://autobunny-docs.s3.ca-central-1.amazonaws.com/common/design/welcome/welcome-car-23-1.jpg|https://autobunny-docs.s3.ca-central-1.amazonaws.com/common/design/icon/select-arrow-black.png|https://autobunny-docs.s3.ca-central-1.amazonaws.com/common/design/icon/search-icon-gray.png","","Key Features:
ALLOY WHEELS, TOW PACKAGE, BLIND SPOT MONITORING, KEYLESS ENTRY, MEMORY SEATS, HARMON KARDON SOUND SYSTEM, POWER ADJUSTABLE SEATS, LUMBER SUPPORT, POWER TRUNK, DIGITAL CLUSTER, ADAPTIVE CRUISE CONTROL, APPLY CARPLAY AND ANROID AUTO, DUAL CLIMATE CONTROL, HEATED SEATS, HEATED STEERING WHEEL, REAR VIEW CAMERA, PARKINGN SENSORS, PANORAMIC ROOF, PREMIUM FABIRC SEATS, REAR AC VENTS &amp; HEATED SEATS. USB PORTS.","pending","2026-05-07T19:21:32.018Z"
"2018-Jeep-Compass-SUV-658295","Jeep","Compass","2018","19999","1500","gasoline","automatic","sedan","color=&amp;engine=&amp;fuel_type=&amp;inventorySearchTxt=&amp;submit=&amp;compare=""> Value Deals","Trim -inc: Colored Instrument Panel Insert, Colored Console Insert and Chrome/Metal-Look Interior Accents","=""3C4NJDDB2JT278697"" data-year=""2018""  data-make=""Jeep""  data-model=""Compass""  data-trim=""Trailhawk, 4x4, Panoramic Roof, Beats Audio, Tow Package."">","https://autobunny-docs.s3.ca-central-1.amazonaws.com/1232/car/forsale/images/2026/01/pic-869acc98c05a1fdcad5f9cd6f43edd1d.jpg|https://autobunny-docs.s3.ca-central-1.amazonaws.com/1232/web-content/logo-icon.png|https://www.peelcarsales.com/images/logo.png|https://autobunny-docs.s3.ca-central-1.amazonaws.com/common/design/welcome/welcome-car-21.jpg|https://autobunny-docs.s3.ca-central-1.amazonaws.com/common/design/welcome/welcome-car-45.jpg|https://autobunny-docs.s3.ca-central-1.amazonaws.com/common/design/car/style/sedan.png|https://autobunny-docs.s3.ca-central-1.amazonaws.com/common/design/car/style/pickup.png|https://autobunny-docs.s3.ca-central-1.amazonaws.com/common/design/car/style/suv.png|https://autobunny-docs.s3.ca-central-1.amazonaws.com/common/design/car/style/van.png|https://autobunny-docs.s3.ca-central-1.amazonaws.com/common/design/welcome/welcome-car-23-1.jpg|https://autobunny-docs.s3.ca-central-1.amazonaws.com/common/design/icon/select-arrow-black.png|https://autobunny-docs.s3.ca-central-1.amazonaws.com/common/design/icon/search-icon-gray.png","ABS Brakes|Air Conditioning|AM/FM Stereo|Backup Camera|Bluetooth|CD Player|Cruise Control|Cup Holder|Digital Clock|Driver Side Airbag|Entertainment System|Fog Lights|Heated Exterior Mirrors|Keyless Entry|Low Tire Pressure Warning|Passenger Airbag|Power Locks|Power Mirrors|Rear Window Defroster|Tinted Glass","Key Features:
ALLOY WHEELS, RED CALIPERS, TOW PACKAGE, TOW HOOK, BLIND SPOT MONITORING, HEATED MIRRORS, KEYLESS ENTRY, BEATS AUDIO SOUND SYSTEM, POWER ADJUSTABLE SEAT, LUMBER SUPPORT, STEERING WHEEL CONTROL BUTTONS, CRUISE CONTROL, APPLE CARPLAY AND ANROID AUTO, PUSH START BUTTON, DUAL CLIMATE CONTROL, HEATED SEATS, HEATED STEERING WHEEL, REAR VIEW CAMERA WITH PARKING AIDS, DIFFERENT MODE OF DRIVE, USB PORTS, 4WD, PANORAMIC ROOF, PREMIUM LEATHER SEATS, REMOTE START, POWER TRUNK.","pending","2026-05-07T19:21:37.509Z"
"2024-Audi-A4-Sedan-649227","Audi","A4","2024","38991","1500","gasoline","automatic","sedan","color=&amp;engine=&amp;fuel_type=&amp;inventorySearchTxt=&amp;submit=&amp;compare=""> Value Deals",":","=""WAUAAAF45RN011915"" data-year=""2024""  data-make=""Audi""  data-model=""A4""  data-trim=""45 Komfort, Paddle Shifters, Adaptive Cruise Control, BSM."">","https://autobunny-docs.s3.ca-central-1.amazonaws.com/1232/car/forsale/images/2025/11/2024_Audi_A4_pic-b93ca0c1be7491491420503aa4505fc7.jpg|https://autobunny-docs.s3.ca-central-1.amazonaws.com/1232/web-content/logo-icon.png|https://www.peelcarsales.com/images/logo.png|https://autobunny-docs.s3.ca-central-1.amazonaws.com/common/design/welcome/welcome-car-21.jpg|https://autobunny-docs.s3.ca-central-1.amazonaws.com/common/design/welcome/welcome-car-45.jpg|https://autobunny-docs.s3.ca-central-1.amazonaws.com/common/design/car/style/sedan.png|https://autobunny-docs.s3.ca-central-1.amazonaws.com/common/design/car/style/pickup.png|https://autobunny-docs.s3.ca-central-1.amazonaws.com/common/design/car/style/suv.png|https://autobunny-docs.s3.ca-central-1.amazonaws.com/common/design/car/style/van.png|https://autobunny-docs.s3.ca-central-1.amazonaws.com/common/design/welcome/welcome-car-23-1.jpg|https://autobunny-docs.s3.ca-central-1.amazonaws.com/common/design/icon/select-arrow-black.png|https://autobunny-docs.s3.ca-central-1.amazonaws.com/common/design/icon/search-icon-gray.png","","KEY FEATURES: KEYLESS ENTRY, PUSH BUTTON START, WIRELESS APPLE CARPLAY REAR VIEW CAMERA WITH PARKING AIDS, FRONT AND REAR PARKING SENSORS, LEATHER SEATS, MEMORY AND POWER SEATS, HEATED STEERING WHEEL , LANE ASSIST, TRACTION CONTROL, PADDLE SHIFTERS, TOUCH DISPLAY SCREEN, ADAPTIVE CRUISE CONTROL, PARKING AID, LUMBER SUPPORT, DRIVE MODE, DUAL CLIMATE CONTROL, LED HEADLIGHTS, FOG LIGHTS, HEATED SEATS, WIRELESS APPLE CARPLAY, BLUETOOTH, SUNROOF AND MORE!
&nbsp;","pending","2026-05-07T19:21:42.942Z"
"2017-Hyundai-Elantra-Sedan-663001","Hyundai","Elantra","2017","12991","1500","gasoline","automatic","sedan","color=&amp;engine=&amp;fuel_type=&amp;inventorySearchTxt=&amp;submit=&amp;compare=""> Value Deals",":","=""KMHD84LFXHU270550"" data-year=""2017""  data-make=""Hyundai""  data-model=""Elantra""  data-trim=""GL, BSM, Cruise Control, Apple Carplay, Heated Seats."">","https://autobunny-docs.s3.ca-central-1.amazonaws.com/1232/car/forsale/images/2026/02/pic-d4cc2a0e86755cf08435f45fd75739dd.jpg|https://autobunny-docs.s3.ca-central-1.amazonaws.com/1232/web-content/logo-icon.png|https://www.peelcarsales.com/images/logo.png|https://autobunny-docs.s3.ca-central-1.amazonaws.com/common/design/welcome/welcome-car-21.jpg|https://autobunny-docs.s3.ca-central-1.amazonaws.com/common/design/welcome/welcome-car-45.jpg|https://autobunny-docs.s3.ca-central-1.amazonaws.com/common/design/car/style/sedan.png|https://autobunny-docs.s3.ca-central-1.amazonaws.com/common/design/car/style/pickup.png|https://autobunny-docs.s3.ca-central-1.amazonaws.com/common/design/car/style/suv.png|https://autobunny-docs.s3.ca-central-1.amazonaws.com/common/design/car/style/van.png|https://autobunny-docs.s3.ca-central-1.amazonaws.com/common/design/welcome/welcome-car-23-1.jpg|https://autobunny-docs.s3.ca-central-1.amazonaws.com/common/design/icon/select-arrow-black.png|https://autobunny-docs.s3.ca-central-1.amazonaws.com/common/design/icon/search-icon-gray.png","ABS Brakes|AM/FM Stereo|CD Player|Entertainment System|Satellite Radio|Traction Control|Daytime Running Lights - Included|Automatic Headlights - Included|Hid Headlights - Not Available|Headlights-Auto-Leveling - Not Available|Night Vision - Not Available|Integrated Turn Signal Mirrors - Not Available|Auto-Dimming Rearview Mirror - Not Available|Smart Device Integration - Not Available|Apple Carplay - Not Available|Android Auto - Not Available|Wifi Hotspot - Not Available|Bluetooth Connection - Included|Power Outlet - Not Available|Wireless Charging - Not Available","Key Features:
BLIND SPOT MONITORING, APPLE CARPLAY AND ANDROID AUTO, REAR VIEW CAMERA WITH PARKING AIDS, USB PORT, BLUETOOTH, HEATED SEATS, HEATED STEERING WHEEL, DRIVE MODE AND MANY MORE.","pending","2026-05-07T19:21:48.365Z"
"2022-Land-Rover-Range-Rover-Sport-SUV-649213","Land","Rover Range Rover Sport","2022","2000","1500","gasoline","automatic","sedan","color=&amp;engine=&amp;fuel_type=&amp;inventorySearchTxt=&amp;submit=&amp;compare=""> Value Deals",":","g the Greater Toronto and adjoining areas since 2014.","https://autobunny-docs.s3.ca-central-1.amazonaws.com/1232/car/forsale/images/2025/11/2022_Land_Rover__Rover_Range_Rover_Sport_pic-a9c12d8f732e0afa45f01428ce99fc92.jpg|https://autobunny-docs.s3.ca-central-1.amazonaws.com/1232/web-content/logo-icon.png|https://www.peelcarsales.com/images/logo.png|https://autobunny-docs.s3.ca-central-1.amazonaws.com/common/design/welcome/welcome-car-21.jpg|https://autobunny-docs.s3.ca-central-1.amazonaws.com/common/design/welcome/welcome-car-45.jpg|https://autobunny-docs.s3.ca-central-1.amazonaws.com/common/design/car/style/sedan.png|https://autobunny-docs.s3.ca-central-1.amazonaws.com/common/design/car/style/pickup.png|https://autobunny-docs.s3.ca-central-1.amazonaws.com/common/design/car/style/suv.png|https://autobunny-docs.s3.ca-central-1.amazonaws.com/common/design/car/style/van.png|https://autobunny-docs.s3.ca-central-1.amazonaws.com/common/design/welcome/welcome-car-23-1.jpg|https://autobunny-docs.s3.ca-central-1.amazonaws.com/common/design/icon/select-arrow-black.png|https://autobunny-docs.s3.ca-central-1.amazonaws.com/common/design/icon/search-icon-gray.png","","Key Features Include
Panoramic SunroofHeated Front SeatsRearview CameraLeather UpholsteryBluetooth ConnectivityRemote StartFront and Rear Parking Sensors
We are offering the LOWEST possible interest rates! Everyone is Approved!
_____________________
WE ARE OPEN 7 DAYS except for statutory holidays!
&hellip;&hellip;&hellip;&hellip;&hellip;&hellip;&hellip;&hellip;&hellip;&hellip;&hellip;&hellip;&hellip;&hellip;&hellip;&hellip;&hellip;&hellip;&hellip;&hellip;&hellip;&hellip;&hellip;&hellip;&hellip;&hellip;&hellip;&hellip;&hellip;&hellip;&hellip;&hellip;&hellip;&hellip;&hellip;&hellip;&hellip;.
HUNDRED PERCENT**PRICE MATCH POLICY** BASED ON TRIMS|KMS|CARFAX|COLOUR|
&hellip;&hellip;&hellip;&hellip;&hellip;&hellip;&hellip;&hellip;&hellip;&hellip;&hellip;&hellip;&hellip;&hellip;&hellip;&hellip;&hellip;&hellip;&hellip;&hellip;&hellip;&hellip;&hellip;&hellip;&hellip;&hellip;&hellip;&hellip;&hellip;&hellip;&hellip;&hellip;&hellip;&hellip;&hellip;&hellip;&hellip;&hellip;..
* FREE HOME DELIVERY BASED ON YOUR POSTAL CODE**
&hellip;&hellip;&hellip;&hellip;&hellip;&hellip;&hellip;&hellip;&hellip;&hellip;&hellip;&hellip;&hellip;&hellip;&hellip;&hellip;&hellip;&hellip;&hellip;&hellip;&hellip;&hellip;&hellip;&hellip;&hellip;&hellip;&hellip;&hellip;&hellip;&hellip;&hellip;&hellip;&hellip;&hellip;&hellip;&hellip;&hellip;&hellip;&hellip;
EXCHANGE POLICY: MAXIMUM 7 BUSINESS DAYS/1500 KMS IF DEALER CAN NOT FIX ISSUE/CONCERN.
&hellip;&hellip;&hellip;&hellip;&hellip;&hellip;&hellip;&hellip;&hellip;&hellip;&hellip;&hellip;&hellip;&hellip;&hellip;&hellip;&hellip;&hellip;&hellip;&hellip;&hellip;&hellip;&hellip;&hellip;&hellip;&hellip;&hellip;&hellip;&hellip;&hellip;&hellip;&hellip;&hellip;&hellip;&hellip;&hellip;&hellip;&hellip;.
OUR CERTIFIED PRE-OWNED PROGRAM ON 2024 AND 2025 MODELS IS ONLY
$499
OUR CERTIFIED PRE-OWNED PROGRAM ON 2023 AND BELOW MODELS IS ONLY
$799
***We must state this.... As Per Regulations: This vehicle is not certified e-tested not drivable. If the Safety and E-test is Purchased the vehicle is then drivable. This Safety and E-test fee is NOT mandatory to be paid, you can also take the vehicle to your own mechanic. ***
Looking to Finance a car and want to save money at the same time. We have redesigned our dealership for our customers and we offer vehicles on finance or lease with lowest possible interest rates O.A.C. Variable installation and delivery fees may apply.
Cash Purchases are most welcome for the same asking price. Variable admin fee may apply.
Dealer reserves the right to decline credit card purchases (credit card payments in excess of $2,000) at its sole and exclusive discretion.
Prices are subject to change without notice, please contact dealer for details.
We are now located at TWO LOCATIONS to serve you and your neighbourhood.
Mississauga - 2701 DERRY ROAD EAST, MISSISSAUGA, L4T 1A2
Oakville - 333 WYECROFT ROAD, OAKVILLE, L6K 2H2
While we try our best, information of the vehicle is not 100% accurate. Please contact the sales representative to confirm features of the car.
Peel Car Sales is a reputable and trustworthy used car dealership serving the Greater Toronto and adjoining areas since 2014.
Call or text us direct, AT 1(647)678-7778. (FACETIME/WHATSAPP)","pending","2026-05-07T19:21:53.811Z"
"2026-Kia-Seltos-SUV-661309","Kia","Seltos","2026","31991","1500","gasoline","automatic","sedan","color=&amp;engine=&amp;fuel_type=&amp;inventorySearchTxt=&amp;submit=&amp;compare=""> Value Deals",":","=""KNDEUCAAXT7843217"" data-year=""2026""  data-make=""Kia""  data-model=""Seltos""  data-trim=""S, Sunroof, BSM, Adaptive Cruise Control, Remote starter."">","https://autobunny-docs.s3.ca-central-1.amazonaws.com/1232/car/forsale/images/2026/01/pic-9ff064ac726a7c496e3d425e4af3068e.jpg|https://autobunny-docs.s3.ca-central-1.amazonaws.com/1232/web-content/logo-icon.png|https://www.peelcarsales.com/images/logo.png|https://autobunny-docs.s3.ca-central-1.amazonaws.com/common/design/welcome/welcome-car-21.jpg|https://autobunny-docs.s3.ca-central-1.amazonaws.com/common/design/welcome/welcome-car-45.jpg|https://autobunny-docs.s3.ca-central-1.amazonaws.com/common/design/car/style/sedan.png|https://autobunny-docs.s3.ca-central-1.amazonaws.com/common/design/car/style/pickup.png|https://autobunny-docs.s3.ca-central-1.amazonaws.com/common/design/car/style/suv.png|https://autobunny-docs.s3.ca-central-1.amazonaws.com/common/design/car/style/van.png|https://autobunny-docs.s3.ca-central-1.amazonaws.com/common/design/welcome/welcome-car-23-1.jpg|https://autobunny-docs.s3.ca-central-1.amazonaws.com/common/design/icon/select-arrow-black.png|https://autobunny-docs.s3.ca-central-1.amazonaws.com/common/design/icon/search-icon-gray.png","Cross Bars|Lifestyle Hitch|Wheel Locks|Mud Guards|Auto-Dimming Mirror W/HomeLink|Cargo Tray, Reversible|First Aid Kit, Small|Cargo Cover|Cargo Net, Floor|Glossy Black Door Garnish Package|Carpeted Floor Mats|Roadside Assistance Kit","Key Features:
ALLOY WHEELS,
BLIND SPOT MONITORING,
KEYLESS ENTRY,
ADAPTIVE CRUISE CONTROL,
DIGITAL CLUSTER,
PUSH START BUTTON,
AUTOMATIC DEHUMIDIFY,
REAR VIEW CAMERA WITH PARKING AIDS,
DUAL CLIMATE CONTROL,
USB PORTS,
HEATED SEATS, HEATED STEERING WHEEL,
SUNROOF,
REAR AC VENTS,
APPLE CARPLAY AND ANROID AUTO,
REMOTE START.","pending","2026-05-07T19:21:59.319Z"
"2020-Volkswagen-Golf-Hatchback-649344","Volkswagen","Golf","2020","21491","1500","gasoline","automatic","sedan","color=&amp;engine=&amp;fuel_type=&amp;inventorySearchTxt=&amp;submit=&amp;compare=""> Value Deals",":","=""3VWG57AU1LM006477"" data-year=""2020""  data-make=""Volkswagen""  data-model=""Golf""  data-trim=""Highline, Sunroof, Apple Carplay, Alloys."">","https://autobunny-docs.s3.ca-central-1.amazonaws.com/1232/car/forsale/images/2025/11/2020_Volkswagen_Golf_pic-831f7e3ee7ba398cc12cb54ead0b4599.jpg|https://autobunny-docs.s3.ca-central-1.amazonaws.com/1232/web-content/logo-icon.png|https://www.peelcarsales.com/images/logo.png|https://autobunny-docs.s3.ca-central-1.amazonaws.com/common/design/welcome/welcome-car-21.jpg|https://autobunny-docs.s3.ca-central-1.amazonaws.com/common/design/welcome/welcome-car-45.jpg|https://autobunny-docs.s3.ca-central-1.amazonaws.com/common/design/car/style/sedan.png|https://autobunny-docs.s3.ca-central-1.amazonaws.com/common/design/car/style/pickup.png|https://autobunny-docs.s3.ca-central-1.amazonaws.com/common/design/car/style/suv.png|https://autobunny-docs.s3.ca-central-1.amazonaws.com/common/design/car/style/van.png|https://autobunny-docs.s3.ca-central-1.amazonaws.com/common/design/welcome/welcome-car-23-1.jpg|https://autobunny-docs.s3.ca-central-1.amazonaws.com/common/design/icon/select-arrow-black.png|https://autobunny-docs.s3.ca-central-1.amazonaws.com/common/design/icon/search-icon-gray.png","","KEY FEATURES:
KEYLESS ENTRY, PUSH BUTTON START, REARVIEW CAMERA WITH PARKING AIDS, CRUISE CONTROL, TOUCH DISPLAY SCREEN , NAVIGATION, APPLE CARPLAY / ANDRIOD AUTO, HEATED SEATS, PREMIUM LEATHER SEATS, SUNROOF, USB PORTS, DUAL CLIMATE CONTROL AND MORE.
&nbsp;
&nbsp;","pending","2026-05-07T19:22:04.779Z"
"2021-Volkswagen-Tiguan-SUV-649333","Volkswagen","Tiguan","2021","23991","1500","gasoline","automatic","sedan","color=&amp;engine=&amp;fuel_type=&amp;inventorySearchTxt=&amp;submit=&amp;compare=""> Value Deals",":","=""3VV2B7AX1MM064835"" data-year=""2021""  data-make=""Volkswagen""  data-model=""Tiguan""  data-trim=""Comfortline, Panoramic roof, Leather seatS"">","https://autobunny-docs.s3.ca-central-1.amazonaws.com/1232/car/forsale/images/2025/12/pic-a7f36d74f2e34ac2bd0a780b7ea222aa.jpg|https://autobunny-docs.s3.ca-central-1.amazonaws.com/1232/web-content/logo-icon.png|https://www.peelcarsales.com/images/logo.png|https://autobunny-docs.s3.ca-central-1.amazonaws.com/common/design/welcome/welcome-car-21.jpg|https://autobunny-docs.s3.ca-central-1.amazonaws.com/common/design/welcome/welcome-car-45.jpg|https://autobunny-docs.s3.ca-central-1.amazonaws.com/common/design/car/style/sedan.png|https://autobunny-docs.s3.ca-central-1.amazonaws.com/common/design/car/style/pickup.png|https://autobunny-docs.s3.ca-central-1.amazonaws.com/common/design/car/style/suv.png|https://autobunny-docs.s3.ca-central-1.amazonaws.com/common/design/car/style/van.png|https://autobunny-docs.s3.ca-central-1.amazonaws.com/common/design/welcome/welcome-car-23-1.jpg|https://autobunny-docs.s3.ca-central-1.amazonaws.com/common/design/icon/select-arrow-black.png|https://autobunny-docs.s3.ca-central-1.amazonaws.com/common/design/icon/search-icon-gray.png","","KEY FEATURES:
KEYLESS ENTRY, PUSH BUTTON START, LEATHER SEATS, POWER SEATS ADJUSTMENTS, CRUISE CONTROL, PANORAMIC ROOF, TOUCH DISPLAY SCREEN, APPLE CARPLAY / ANDROID AUTO, BLUETOOTH, NAVIGATION, WIRELESS PHONE CHARGER, HEATED SEATS, DUAL CLIMATE CONTROL, DRIVE MODES","pending","2026-05-07T19:22:10.191Z"
"2020-Dodge-Grand-Caravan-Van-Minivan-649430","Dodge","Grand Caravan","2020","19991","1500","gasoline","automatic","sedan","color=&amp;engine=&amp;fuel_type=&amp;inventorySearchTxt=&amp;submit=&amp;compare=""> Value Deals",":","=""2C4RDGEG9LR152203"" data-year=""2020""  data-make=""Dodge""  data-model=""Grand Caravan""  data-trim=""GT, Stow&Go, Tow Package, Leather seats."">","https://autobunny-docs.s3.ca-central-1.amazonaws.com/1232/car/forsale/images/2025/11/pic-568412470de2d8d9f1c10996f562d0d2.jpg|https://autobunny-docs.s3.ca-central-1.amazonaws.com/1232/web-content/logo-icon.png|https://www.peelcarsales.com/images/logo.png|https://autobunny-docs.s3.ca-central-1.amazonaws.com/common/design/welcome/welcome-car-21.jpg|https://autobunny-docs.s3.ca-central-1.amazonaws.com/common/design/welcome/welcome-car-45.jpg|https://autobunny-docs.s3.ca-central-1.amazonaws.com/common/design/car/style/sedan.png|https://autobunny-docs.s3.ca-central-1.amazonaws.com/common/design/car/style/pickup.png|https://autobunny-docs.s3.ca-central-1.amazonaws.com/common/design/car/style/suv.png|https://autobunny-docs.s3.ca-central-1.amazonaws.com/common/design/car/style/van.png|https://autobunny-docs.s3.ca-central-1.amazonaws.com/common/design/welcome/welcome-car-23-1.jpg|https://autobunny-docs.s3.ca-central-1.amazonaws.com/common/design/icon/select-arrow-black.png|https://autobunny-docs.s3.ca-central-1.amazonaws.com/common/design/icon/search-icon-gray.png","","Key Features:
Alloy Wheels, Tow Package, Power Adjustable Seat, Premium Leather Seats, Steering Control Buttons, Cruise Control, Rear View Camera With Parking Aids, Dual Climate Control, Heated Steering Wheel, Heated Seats, Eco Mode, Power Trunk.","pending","2026-05-07T19:22:15.622Z"
"2021-Volkswagen-Atlas-SUV-649261","Volkswagen","Atlas","2021","29991","1500","gasoline","automatic","sedan","color=&amp;engine=&amp;fuel_type=&amp;inventorySearchTxt=&amp;submit=&amp;compare=""> Value Deals",":","g experience every time. The powerful 6-cylinder engine combined with the convenient automatic transmission makes for a smooth ride. Don't miss out on this stylish black-on-black beauty with alloys - it's sure to turn heads wherever you go!","https://autobunny-docs.s3.ca-central-1.amazonaws.com/1232/car/forsale/images/2025/11/2021_Volkswagen_Atlas_pic-a56809e97c83f74fa60fe2002c0def18.jpg|https://autobunny-docs.s3.ca-central-1.amazonaws.com/1232/web-content/logo-icon.png|https://www.peelcarsales.com/images/logo.png|https://autobunny-docs.s3.ca-central-1.amazonaws.com/common/design/welcome/welcome-car-21.jpg|https://autobunny-docs.s3.ca-central-1.amazonaws.com/common/design/welcome/welcome-car-45.jpg|https://autobunny-docs.s3.ca-central-1.amazonaws.com/common/design/car/style/sedan.png|https://autobunny-docs.s3.ca-central-1.amazonaws.com/common/design/car/style/pickup.png|https://autobunny-docs.s3.ca-central-1.amazonaws.com/common/design/car/style/suv.png|https://autobunny-docs.s3.ca-central-1.amazonaws.com/common/design/car/style/van.png|https://autobunny-docs.s3.ca-central-1.amazonaws.com/common/design/welcome/welcome-car-23-1.jpg|https://autobunny-docs.s3.ca-central-1.amazonaws.com/common/design/icon/select-arrow-black.png|https://autobunny-docs.s3.ca-central-1.amazonaws.com/common/design/icon/search-icon-gray.png","","This 2021 Volkswagen Atlas is a sleek and spacious SUV, perfect for your next adventure! With its highline trim, sunroof, and Apple Carplay, you'll enjoy a luxurious driving experience every time. The powerful 6-cylinder engine combined with the convenient automatic transmission makes for a smooth ride. Don't miss out on this stylish black-on-black beauty with alloys - it's sure to turn heads wherever you go!
KEY FEATURES: KEYLESS ENTRY, PUSH BUTTON START, TOWING PACKAGE, FRONT AND REAR PARKING SENSORS,
BLINDSPOTS DETECTION, LEATHER SEATS, POWER SEATS ADJUSTMENTS, ADAPTIVE CRUISE CONTROL,
MEMORY SEATS, TOUCH DISPLAY SCREEN, APPLE CARPLAY / ANDRIOD AUTO, HEATED AND VENTED SEATS,
REAR CLIMATE CONTROL, REAR HEATED SEATS, DRIVE MODES, PANORAMIC ROOF.
&nbsp;","pending","2026-05-07T19:22:21.082Z"
"2020-BMW-5-Series-Sedan-649239","BMW","5 Series","2020","35991","1500","gasoline","automatic","sedan","color=&amp;engine=&amp;fuel_type=&amp;inventorySearchTxt=&amp;submit=&amp;compare=""> Value Deals",":","=""WBAJR7C07LWW67127"" data-year=""2020""  data-make=""BMW""  data-model=""5 Series""  data-trim=""530i M Sports, Executive Package, Premium Enhanced Pkg, Harman Kardon, Soft Closing Doors"">","https://autobunny-docs.s3.ca-central-1.amazonaws.com/1232/car/forsale/images/2025/11/2020_BMW_5_Series_pic-d151f15f373248cdf5fd18582ac88cc0.jpg|https://autobunny-docs.s3.ca-central-1.amazonaws.com/1232/web-content/logo-icon.png|https://www.peelcarsales.com/images/logo.png|https://autobunny-docs.s3.ca-central-1.amazonaws.com/common/design/welcome/welcome-car-21.jpg|https://autobunny-docs.s3.ca-central-1.amazonaws.com/common/design/welcome/welcome-car-45.jpg|https://autobunny-docs.s3.ca-central-1.amazonaws.com/common/design/car/style/sedan.png|https://autobunny-docs.s3.ca-central-1.amazonaws.com/common/design/car/style/pickup.png|https://autobunny-docs.s3.ca-central-1.amazonaws.com/common/design/car/style/suv.png|https://autobunny-docs.s3.ca-central-1.amazonaws.com/common/design/car/style/van.png|https://autobunny-docs.s3.ca-central-1.amazonaws.com/common/design/welcome/welcome-car-23-1.jpg|https://autobunny-docs.s3.ca-central-1.amazonaws.com/common/design/icon/select-arrow-black.png|https://autobunny-docs.s3.ca-central-1.amazonaws.com/common/design/icon/search-icon-gray.png","","KEY FEATURES: KEYLESS ENTRY, PUSH BUTTON START, PREMIUM M SPORT SIGNATURE RIMS, BLINDSPOTSDETECTION, FRONT AND REAR PARKING SENSORS, REARVIEW CAMERA WITH PARKING AID, AUTO DIMMING SIDEMIRRORS, SOFT CLOSING DOORS, DIGITAL CLUSTER DISPLAY, NAVIGATION, MEMORY SEATS, LEATHER SEATS, POWER SEATS ADJUSTMENTS, CRUISE CONTROL, DUAL CLIMATE CONTROL, HEATED SEATS , HEADS UP DISPLAY,&nbsp;WIRELESS PHONE CHARGER, WIRELESS APPLE CARPLAY / ANDRIOD AUTO, AUTO HOLD, DRIVE MODE, TRACTION CONTROL, SUNROOF, DUAL CLIMATE CONTROL FOR FRONT AND REAR PASSENGERS, REAR HEATED SEATS, PREMIUM HARMAN KARDON AUDIO SYSTEM AND MORE
&nbsp;","pending","2026-05-07T19:22:26.496Z"
"2024-Mazda-MAZDA3-SPORT-Hatchback-674314","Mazda","MAZDA3 SPORT","2024","30991","1500","gasoline","automatic","sedan","color=&amp;engine=&amp;fuel_type=&amp;inventorySearchTxt=&amp;submit=&amp;compare=""> Value Deals",":","=""JM1BPBMYXR1717934"" data-year=""2024""  data-make=""Mazda""  data-model=""MAZDA3 SPORT""  data-trim=""GT Turbo Hatchback AWD"">","https://autobunny-docs.s3.ca-central-1.amazonaws.com/1232/car/forsale/images/2026/04/pic-6be312393f2feabf53e947423fdcdb28.jpg|https://autobunny-docs.s3.ca-central-1.amazonaws.com/1232/web-content/logo-icon.png|https://www.peelcarsales.com/images/logo.png|https://autobunny-docs.s3.ca-central-1.amazonaws.com/common/design/welcome/welcome-car-21.jpg|https://autobunny-docs.s3.ca-central-1.amazonaws.com/common/design/welcome/welcome-car-45.jpg|https://autobunny-docs.s3.ca-central-1.amazonaws.com/common/design/car/style/sedan.png|https://autobunny-docs.s3.ca-central-1.amazonaws.com/common/design/car/style/pickup.png|https://autobunny-docs.s3.ca-central-1.amazonaws.com/common/design/car/style/suv.png|https://autobunny-docs.s3.ca-central-1.amazonaws.com/common/design/car/style/van.png|https://autobunny-docs.s3.ca-central-1.amazonaws.com/common/design/welcome/welcome-car-23-1.jpg|https://autobunny-docs.s3.ca-central-1.amazonaws.com/common/design/icon/select-arrow-black.png|https://autobunny-docs.s3.ca-central-1.amazonaws.com/common/design/icon/search-icon-gray.png","ABS Brakes|AM/FM Stereo|CD Player|Entertainment System|Satellite Radio|Traction Control|Daytime Running Lights - Included|Automatic Headlights - Included|Hid Headlights - Not Available|Headlights-Auto-Leveling - Included|Night Vision - Not Available|Integrated Turn Signal Mirrors - Included|Auto-Dimming Rearview Mirror - Included|Smart Device Integration - Included|Apple Carplay - Included|Android Auto - Included|Wifi Hotspot - Not Available|Bluetooth Connection - Included|Power Outlet - Not Available|Wireless Charging - Not Available","New Arrival","pending","2026-05-07T19:22:32.016Z"
"2021-Volkswagen-Tiguan-SUV-679934","Volkswagen","Tiguan","2021","25499","1500","gasoline","automatic","sedan","color=&amp;engine=&amp;fuel_type=&amp;inventorySearchTxt=&amp;submit=&amp;compare=""> Value Deals",":","=""3VV4B7AX1MM155189"" data-year=""2021""  data-make=""Volkswagen""  data-model=""Tiguan""  data-trim=""Highline"">","https://autobunny-docs.s3.ca-central-1.amazonaws.com/1232/car/forsale/images/2026/04/pic-72797882d5bff564ca2dfe683ac3400c.jpg|https://autobunny-docs.s3.ca-central-1.amazonaws.com/1232/web-content/logo-icon.png|https://www.peelcarsales.com/images/logo.png|https://autobunny-docs.s3.ca-central-1.amazonaws.com/common/design/welcome/welcome-car-21.jpg|https://autobunny-docs.s3.ca-central-1.amazonaws.com/common/design/welcome/welcome-car-45.jpg|https://autobunny-docs.s3.ca-central-1.amazonaws.com/common/design/car/style/sedan.png|https://autobunny-docs.s3.ca-central-1.amazonaws.com/common/design/car/style/pickup.png|https://autobunny-docs.s3.ca-central-1.amazonaws.com/common/design/car/style/suv.png|https://autobunny-docs.s3.ca-central-1.amazonaws.com/common/design/car/style/van.png|https://autobunny-docs.s3.ca-central-1.amazonaws.com/common/design/welcome/welcome-car-23-1.jpg|https://autobunny-docs.s3.ca-central-1.amazonaws.com/common/design/icon/select-arrow-black.png|https://autobunny-docs.s3.ca-central-1.amazonaws.com/common/design/icon/search-icon-gray.png","ABS Brakes|AM/FM Stereo|CD Player|Entertainment System|Satellite Radio|Traction Control|Daytime Running Lights - Included|Automatic Headlights - Included|Hid Headlights - Not Available|Headlights-Auto-Leveling - Included|Night Vision - Not Available|Integrated Turn Signal Mirrors - Included|Auto-Dimming Rearview Mirror - Included|Smart Device Integration - Included|Apple Carplay - Included|Android Auto - Included|Wifi Hotspot - Not Available|Bluetooth Connection - Included|Power Outlet - Not Available|Wireless Charging - Included","Key Features:&nbsp;
Alloy Wheels, Blind Spots, Keyless Entry, Power Adjustable Seats, Heated Steering, Adaptive Cruise Control, Push Start Button, Navigation, Rear View Camera With Parking Aids, Heated Seats, Dual Climate Control, USB &amp; C Ports, Apple CarPlay &amp; Android Auto, Drive Modes, Sunroof, Leather Seats, Remote Starter and Many More","pending","2026-05-07T19:22:37.511Z"
"2020-BMW-3-Series-Sedan-649260","BMW","3 Series","2020","2000","59500","gasoline","automatic","sedan","and black interior give it a classy look that's sure to turn heads. Don't miss out on this well-maintained beauty with 59500 kms on it!","give it a classy look that's sure to turn heads. Don't miss out on this well-maintained beauty with 59500 kms on it!","g the Greater Toronto and adjoining areas since 2014.","https://autobunny-docs.s3.ca-central-1.amazonaws.com/1232/car/forsale/images/2026/05/pic-d17ee18cd58da119e7f0bb138f7c1376.jpg|https://autobunny-docs.s3.ca-central-1.amazonaws.com/1232/web-content/logo-icon.png|https://www.peelcarsales.com/images/logo.png|https://autobunny-docs.s3.ca-central-1.amazonaws.com/common/design/welcome/welcome-car-21.jpg|https://autobunny-docs.s3.ca-central-1.amazonaws.com/common/design/welcome/welcome-car-45.jpg|https://autobunny-docs.s3.ca-central-1.amazonaws.com/common/design/car/style/sedan.png|https://autobunny-docs.s3.ca-central-1.amazonaws.com/common/design/car/style/pickup.png|https://autobunny-docs.s3.ca-central-1.amazonaws.com/common/design/car/style/suv.png|https://autobunny-docs.s3.ca-central-1.amazonaws.com/common/design/car/style/van.png|https://autobunny-docs.s3.ca-central-1.amazonaws.com/common/design/welcome/welcome-car-23-1.jpg|https://autobunny-docs.s3.ca-central-1.amazonaws.com/common/design/icon/select-arrow-black.png|https://autobunny-docs.s3.ca-central-1.amazonaws.com/common/design/icon/search-icon-gray.png","","Key Features:
AWD | Sunroof |Remote Engine Start | Summer and Winter Tires | Apple CarPlay &amp; Android Auto | blind-spot monitoring | lane departure warning | forward collision warning | Memory Seats | Power Adjustable Seats | Cruise Controls | Heated Seats | Navigation | Large Infotainment | Rear View Camera With Parking Aid | Heated Seats | Climate Control | Different Drive Modes | Auto Hold System | Push Start Button | USB Port | Leather Seats
Check out this sleek 2020 BMW 330i xDrive Sedan! With its AWD capability, sunroof, and remote engine start, this car is ready to take you on any adventure in style. The white exterior and black interior give it a classy look that's sure to turn heads. Don't miss out on this well-maintained beauty with 59500 kms on it!
We are offering the LOWEST possible interest rates! Everyone is Approved!
_____________________
WE ARE OPEN 7 DAYS except for statutory holidays!
&hellip;&hellip;&hellip;&hellip;&hellip;&hellip;&hellip;&hellip;&hellip;&hellip;&hellip;&hellip;&hellip;&hellip;&hellip;&hellip;&hellip;&hellip;&hellip;&hellip;&hellip;&hellip;&hellip;&hellip;&hellip;&hellip;&hellip;&hellip;&hellip;&hellip;&hellip;&hellip;&hellip;&hellip;&hellip;&hellip;&hellip;.
HUNDRED PERCENT**PRICE MATCH POLICY** BASED ON TRIMS|KMS|CARFAX|COLOUR|
&hellip;&hellip;&hellip;&hellip;&hellip;&hellip;&hellip;&hellip;&hellip;&hellip;&hellip;&hellip;&hellip;&hellip;&hellip;&hellip;&hellip;&hellip;&hellip;&hellip;&hellip;&hellip;&hellip;&hellip;&hellip;&hellip;&hellip;&hellip;&hellip;&hellip;&hellip;&hellip;&hellip;&hellip;&hellip;&hellip;&hellip;&hellip;..
* FREE HOME DELIVERY BASED ON YOUR POSTAL CODE**
&hellip;&hellip;&hellip;&hellip;&hellip;&hellip;&hellip;&hellip;&hellip;&hellip;&hellip;&hellip;&hellip;&hellip;&hellip;&hellip;&hellip;&hellip;&hellip;&hellip;&hellip;&hellip;&hellip;&hellip;&hellip;&hellip;&hellip;&hellip;&hellip;&hellip;&hellip;&hellip;&hellip;&hellip;&hellip;&hellip;&hellip;&hellip;&hellip;
EXCHANGE POLICY: MAXIMUM 7 BUSINESS DAYS/1500 KMS IF DEALER CAN NOT FIX ISSUE/CONCERN.
&hellip;&hellip;&hellip;&hellip;&hellip;&hellip;&hellip;&hellip;&hellip;&hellip;&hellip;&hellip;&hellip;&hellip;&hellip;&hellip;&hellip;&hellip;&hellip;&hellip;&hellip;&hellip;&hellip;&hellip;&hellip;&hellip;&hellip;&hellip;&hellip;&hellip;&hellip;&hellip;&hellip;&hellip;&hellip;&hellip;&hellip;&hellip;.
OUR CERTIFIED PRE-OWNED PROGRAM ON 2024 AND 2025 MODELS IS ONLY
$499
OUR CERTIFIED PRE-OWNED PROGRAM ON 2023 AND BELOW MODELS IS ONLY
$799
***We must state this.... As Per Regulations: This vehicle is not certified e-tested not drivable. If the Safety and E-test is Purchased the vehicle is then drivable. This Safety and E-test fee is NOT mandatory to be paid, you can also take the vehicle to your own mechanic. ***
Looking to Finance a car and want to save money at the same time. We have redesigned our dealership for our customers and we offer vehicles on finance or lease with lowest possible interest rates O.A.C. Variable installation and delivery fees may apply.
Cash Purchases are most welcome for the same asking price. Variable admin fee may apply.
Dealer reserves the right to decline credit card purchases (credit card payments in excess of $2,000) at its sole and exclusive discretion.
Prices are subject to change without notice, please contact dealer for details.
We are now located at TWO LOCATIONS to serve you and your neighbourhood.
Mississauga - 2701 DERRY ROAD EAST, MISSISSAUGA, L4T 1A2
Oakville - 333 WYECROFT ROAD, OAKVILLE, L6K 2H2
While we try our best, information of the vehicle is not 100% accurate. Please contact the sales representative to confirm features of the car.
Peel Car Sales is a reputable and trustworthy used car dealership serving the Greater Toronto and adjoining areas since 2014.
Call or text us direct, AT 1(647)678-7778. (FACETIME/WHATSAPP)","pending","2026-05-07T19:22:42.955Z"
"2024-Nissan-Armada-SUV-680363","Nissan","Armada","2024","46491","1500","gasoline","automatic","sedan","color=&amp;engine=&amp;fuel_type=&amp;inventorySearchTxt=&amp;submit=&amp;compare=""> Value Deals","Trim -inc: Simulated Wood/Metal-Look Instrument Panel Insert, Simulated Wood Door Panel Insert, Simulated Wood/Metal-Look Console Insert and Metal-Look Interior Accents","=""JN8AY2CD1R9706981"" data-year=""2024""  data-make=""Nissan""  data-model=""Armada""  data-trim=""Platinum, BSM, Leather Seats, Adaptive Cruise Control."">","https://autobunny-docs.s3.ca-central-1.amazonaws.com/1232/car/forsale/images/2026/05/pic-7e0f78132d5cd98db9ef335fc3a0cdac.jpg|https://autobunny-docs.s3.ca-central-1.amazonaws.com/1232/web-content/logo-icon.png|https://www.peelcarsales.com/images/logo.png|https://autobunny-docs.s3.ca-central-1.amazonaws.com/common/design/welcome/welcome-car-21.jpg|https://autobunny-docs.s3.ca-central-1.amazonaws.com/common/design/welcome/welcome-car-45.jpg|https://autobunny-docs.s3.ca-central-1.amazonaws.com/common/design/car/style/sedan.png|https://autobunny-docs.s3.ca-central-1.amazonaws.com/common/design/car/style/pickup.png|https://autobunny-docs.s3.ca-central-1.amazonaws.com/common/design/car/style/suv.png|https://autobunny-docs.s3.ca-central-1.amazonaws.com/common/design/car/style/van.png|https://autobunny-docs.s3.ca-central-1.amazonaws.com/common/design/welcome/welcome-car-23-1.jpg|https://autobunny-docs.s3.ca-central-1.amazonaws.com/common/design/icon/select-arrow-black.png|https://autobunny-docs.s3.ca-central-1.amazonaws.com/common/design/icon/search-icon-gray.png","ABS Brakes|Air Conditioning|Alloy Wheels|AM/FM Stereo|Auto Dimming Mirrors|Backup Camera|Bluetooth|CD Player|Cruise Control|Cup Holder|Digital Clock|Driver Side Airbag|Entertainment System|Fog Lights|Heated Exterior Mirrors|Keyless Entry|Leather Steering Wheels|Low Tire Pressure Warning|Passenger Airbag|Power Locks","Key Features:
BLIND SPOT, KEYLESS ENTRY, ALLOY WHEELS, HEATED STEERING WHEEL, MEMORY SEATS, POWER ADJUSTABLE SEATS, LUMBER SUPPORT, ADAPTIVE CRUISE CONTROL, PUSH START BUTTON, NAVIGATION, REAR VIEW CAMERA WITH PARKING AIDS, 360 VIEW CAMERA, CARPLAY AND ANRDOID AUTO, HEATED AND VENTED SEATS, DUAL CLIMATE CONTROL, USB PORT AND C-TYPE PORT, DIFFERENT MODE OF DRIVE (TOW, SNOW ETC), SUNROOF, PREMIUM LEATHER SEATS, LED SCREENS, REAR HEATED SEATS, REMOTE START AND MANY MORE.","pending","2026-05-07T19:22:48.421Z"
"2025-Toyota-Tundra-Pickup-671576","Toyota","Tundra","2025","6000","1500","gasoline","automatic","sedan","color=&amp;engine=&amp;fuel_type=&amp;inventorySearchTxt=&amp;submit=&amp;compare=""> Value Deals",":","=""5TFWC5DB0SX110129"" data-year=""2025""  data-make=""Toyota""  data-model=""Tundra""  data-trim=""Limited CrewMax 4WD Hybrid, CARBON FIBRE |"">","https://autobunny-docs.s3.ca-central-1.amazonaws.com/1232/car/forsale/images/2026/03/pic-63425d56dc995f070bc086dbfe25f221.jpg|https://autobunny-docs.s3.ca-central-1.amazonaws.com/1232/web-content/logo-icon.png|https://www.peelcarsales.com/images/logo.png|https://autobunny-docs.s3.ca-central-1.amazonaws.com/common/design/welcome/welcome-car-21.jpg|https://autobunny-docs.s3.ca-central-1.amazonaws.com/common/design/welcome/welcome-car-45.jpg|https://autobunny-docs.s3.ca-central-1.amazonaws.com/common/design/car/style/sedan.png|https://autobunny-docs.s3.ca-central-1.amazonaws.com/common/design/car/style/pickup.png|https://autobunny-docs.s3.ca-central-1.amazonaws.com/common/design/car/style/suv.png|https://autobunny-docs.s3.ca-central-1.amazonaws.com/common/design/car/style/van.png|https://autobunny-docs.s3.ca-central-1.amazonaws.com/common/design/welcome/welcome-car-23-1.jpg|https://autobunny-docs.s3.ca-central-1.amazonaws.com/common/design/icon/select-arrow-black.png|https://autobunny-docs.s3.ca-central-1.amazonaws.com/common/design/icon/search-icon-gray.png","ABS Brakes|AM/FM Stereo|CD Player|Entertainment System|Satellite Radio|Traction Control|Daytime Running Lights - Included|Automatic Headlights - Included|Hid Headlights - Not Available|Headlights-Auto-Leveling - Not Available|Night Vision - Not Available|Integrated Turn Signal Mirrors - Included|Auto-Dimming Rearview Mirror - Included|Smart Device Integration - Included|Apple Carplay - Included|Android Auto - Included|Wifi Hotspot - Not Available|Bluetooth Connection - Included|Power Outlet - Not Available|Wireless Charging - Not Available","$6,000 + value added items are INCLUDED in the asking price !!
Toyota OEM tonneau cover&nbsp; $2357 ( value )&nbsp;
Bison running board $950 ( value )&nbsp;
ceramic coating $1200 ( value ) 5 year warranty expiry started September 2025&nbsp;
XR plus Tint $ 750 ( Value )&nbsp;
&nbsp;
Extremely rare options :&nbsp; $1500 ( value )&nbsp;
a) carbon fibre steering inlay&nbsp;
b) carbon fibre centre gear console&nbsp;
c) carbon fibre all door side inlays
Key Features:
BLIND SPOT MONITORING, TOW PACKAGE, POWER ADJUSTABLE SEATS WITH LUMBER SUPPORT, MEMORY SEAT OPTIONS, ADAPTIVE CRUISE CONTROL, PUSH BUTTON START, NAVIGATION, HEATED SEATS, VENTED SEATS, USB PORTS, DUAL ZONE CLIMATE CONTROL, 360 CAMERA, REAR VIEW CAMERA WITH PARKING AIDS, HEATED STEERING WHEEL, MULTIPLE DRIVE MODES, PANORAMIC ROOF, PREMIUM LEATHERS SEATS AND MUCH MORE.
&nbsp;","pending","2026-05-07T19:22:53.868Z"
"2023-Dodge-Durango-SUV-649224","Dodge","Durango","2023","2000","80000","gasoline","automatic","sedan","color=&amp;engine=&amp;fuel_type=&amp;inventorySearchTxt=&amp;submit=&amp;compare=""> Value Deals",":","=""1C4SDJCT7PC551981"" data-year=""2023""  data-make=""Dodge""  data-model=""Durango""  data-trim=""R / T Plus, Apple Carplay, BSM, Remote Starter."">","https://autobunny-docs.s3.ca-central-1.amazonaws.com/1232/car/forsale/images/2025/11/2023_Dodge_Durango_pic-8efa68df0db8f958b727623cbf4f6a29.jpg|https://autobunny-docs.s3.ca-central-1.amazonaws.com/1232/web-content/logo-icon.png|https://www.peelcarsales.com/images/logo.png|https://autobunny-docs.s3.ca-central-1.amazonaws.com/common/design/welcome/welcome-car-21.jpg|https://autobunny-docs.s3.ca-central-1.amazonaws.com/common/design/welcome/welcome-car-45.jpg|https://autobunny-docs.s3.ca-central-1.amazonaws.com/common/design/car/style/sedan.png|https://autobunny-docs.s3.ca-central-1.amazonaws.com/common/design/car/style/pickup.png|https://autobunny-docs.s3.ca-central-1.amazonaws.com/common/design/car/style/suv.png|https://autobunny-docs.s3.ca-central-1.amazonaws.com/common/design/car/style/van.png|https://autobunny-docs.s3.ca-central-1.amazonaws.com/common/design/welcome/welcome-car-23-1.jpg|https://autobunny-docs.s3.ca-central-1.amazonaws.com/common/design/icon/select-arrow-black.png|https://autobunny-docs.s3.ca-central-1.amazonaws.com/common/design/icon/search-icon-gray.png","","Check out this sleek and powerful 2023 Dodge Durango R/T Plus AWD! With its impressive features like a sunroof, Apple Carplay, and premium alloys, this SUV is ready to take you on your next adventure in style. Don't miss out on this reliable and versatile vehicle with only 80,000 kms on it. Contact us today to schedule a test drive!
KEY FEATURES:
APPLE CARPLAY, BLIND SPOT MONITORING, REMOTE STARTER, PREMIUM LEATHER SEATS, PADDLE SHIFTER, CRUISE CONTROL, COLLISION MITIGATION, REAR VIEW CAMERA WITH PARKING AIDS, HEATED SEATS, HEATED STEERING WHEEL, ADJUSTABLE SEATS, PUSH START BUTTON, DUAL CLIMATE CONTROL.","pending","2026-05-07T19:22:59.427Z"
"2021-Hyundai-Sonata-Sedan-672063","Hyundai","Sonata","2021","20991","1500","gasoline","automatic","sedan","color=&amp;engine=&amp;fuel_type=&amp;inventorySearchTxt=&amp;submit=&amp;compare=""> Value Deals",":","=""5NPEL4J21MH127479"" data-year=""2021""  data-make=""Hyundai""  data-model=""Sonata""  data-trim=""Luxury, Leather Seats, Remote Start, Bose Audio, Adaptive Cruise Control."">","https://autobunny-docs.s3.ca-central-1.amazonaws.com/1232/car/forsale/images/2026/03/pic-ab8fb8a3c0644f196f51f26adf38982e.jpg|https://autobunny-docs.s3.ca-central-1.amazonaws.com/1232/web-content/logo-icon.png|https://www.peelcarsales.com/images/logo.png|https://autobunny-docs.s3.ca-central-1.amazonaws.com/common/design/welcome/welcome-car-21.jpg|https://autobunny-docs.s3.ca-central-1.amazonaws.com/common/design/welcome/welcome-car-45.jpg|https://autobunny-docs.s3.ca-central-1.amazonaws.com/common/design/car/style/sedan.png|https://autobunny-docs.s3.ca-central-1.amazonaws.com/common/design/car/style/pickup.png|https://autobunny-docs.s3.ca-central-1.amazonaws.com/common/design/car/style/suv.png|https://autobunny-docs.s3.ca-central-1.amazonaws.com/common/design/car/style/van.png|https://autobunny-docs.s3.ca-central-1.amazonaws.com/common/design/welcome/welcome-car-23-1.jpg|https://autobunny-docs.s3.ca-central-1.amazonaws.com/common/design/icon/select-arrow-black.png|https://autobunny-docs.s3.ca-central-1.amazonaws.com/common/design/icon/search-icon-gray.png","ABS Brakes|AM/FM Stereo|CD Player|Entertainment System|Satellite Radio|Traction Control|Daytime Running Lights - Included|Automatic Headlights - Included|Hid Headlights - Not Available|Headlights-Auto-Leveling - Not Available|Night Vision - Not Available|Integrated Turn Signal Mirrors - Included|Auto-Dimming Rearview Mirror - Not Available|Smart Device Integration - Included|Apple Carplay - Included|Android Auto - Included|Wifi Hotspot - Not Available|Bluetooth Connection - Included|Power Outlet - Not Available|Wireless Charging - Not Available","Key Features:
ALLOY WHEELS, BLIND SPOT MONITORING, KEYLESS ENTRY, POWER ADJUSTABLE SEATS, LUMBER SUPPORT, MEMORY SEATS, BOSE AUDIO SOUND SYSTEM, ADAPTIVE CRUISE CONTROL, PADDLE SHIFTERS, HEATED STEERING WHEEL, PUSH BUTTON START, APPLE CARPLAY AND ANRDOID AUTO, REAR VIEW CAMERA WITH PARKING AIDS, DUAL ZONE CLIMATE CONTROL, HEATED AND VENTED SEATS, AUTO HOLD, MOONROOF, PREMIUM LEATHER SEATS, REAR AC VENTS, PUSH START BUTTON AND MANY MORE FEATURES.","pending","2026-05-07T19:23:05.113Z"
"2024-Ford-Mustang-Convertible-672052","Ford","Mustang","2024","37491","1500","gasoline","automatic","sedan","color=&amp;engine=&amp;fuel_type=&amp;inventorySearchTxt=&amp;submit=&amp;compare=""> Value Deals","Lighting","=""1FAGP8UH9R5134035"" data-year=""2024""  data-make=""Ford""  data-model=""Mustang""  data-trim=""EcoBoost 2dr Convertible, Remote Start, BSM, Carplay."">","https://autobunny-docs.s3.ca-central-1.amazonaws.com/1232/car/forsale/images/2026/04/pic-b8b70fc0dd45954c8f772acf428ae104.jpg|https://autobunny-docs.s3.ca-central-1.amazonaws.com/1232/web-content/logo-icon.png|https://www.peelcarsales.com/images/logo.png|https://autobunny-docs.s3.ca-central-1.amazonaws.com/common/design/welcome/welcome-car-21.jpg|https://autobunny-docs.s3.ca-central-1.amazonaws.com/common/design/welcome/welcome-car-45.jpg|https://autobunny-docs.s3.ca-central-1.amazonaws.com/common/design/car/style/sedan.png|https://autobunny-docs.s3.ca-central-1.amazonaws.com/common/design/car/style/pickup.png|https://autobunny-docs.s3.ca-central-1.amazonaws.com/common/design/car/style/suv.png|https://autobunny-docs.s3.ca-central-1.amazonaws.com/common/design/car/style/van.png|https://autobunny-docs.s3.ca-central-1.amazonaws.com/common/design/welcome/welcome-car-23-1.jpg|https://autobunny-docs.s3.ca-central-1.amazonaws.com/common/design/icon/select-arrow-black.png|https://autobunny-docs.s3.ca-central-1.amazonaws.com/common/design/icon/search-icon-gray.png","ABS Brakes|AM/FM Stereo|Backup Camera|Bluetooth|CD Player|Cruise Control|Cup Holder|Digital Clock|Driver Side Airbag|Entertainment System|Keyless Entry|Low Tire Pressure Warning|Passenger Airbag|Power Locks|Power Mirrors|Power-Assist Disc Brakes|Rear Window Defroster|Satellite Radio|Tinted Glass|Traction Control","Key Features:
CONVERTIBLE, ALLOY WHEELS, BLIND SPOT, KEYLESS ENTRY, POWER ADJUSTABLE SEATS, ADAPTIVE CRUISE CONTROL, HEATED STEERING WHEEL, LANE KEEP ASSIST, PRE COLLISION ASSIST, REAR VIEW CAMERA WITH PARKING AIDS, HEATED SEATS, WIRELESS APPLE CARPLAY, DUAL ZONE CLIMATE CONTROL, PUSH BUTTON START, USB PORTS, LEATHER SEATS, REMOTE START AND MANY MORE","pending","2026-05-07T19:23:10.691Z"
"2022-Volkswagen-Jetta-Sedan-672810","Volkswagen","Jetta","2022","24791","1500","gasoline","automatic","sedan","color=&amp;engine=&amp;fuel_type=&amp;inventorySearchTxt=&amp;submit=&amp;compare=""> Value Deals",":","=""3VWGM7BU2NM004659"" data-year=""2022""  data-make=""Volkswagen""  data-model=""Jetta""  data-trim=""Highline, Sunroof, Apple Carplay, Alloys."">","https://autobunny-docs.s3.ca-central-1.amazonaws.com/1232/car/forsale/images/2026/04/pic-acd93c02f1bb92a994efca942b969340.jpg|https://autobunny-docs.s3.ca-central-1.amazonaws.com/1232/web-content/logo-icon.png|https://www.peelcarsales.com/images/logo.png|https://autobunny-docs.s3.ca-central-1.amazonaws.com/common/design/welcome/welcome-car-21.jpg|https://autobunny-docs.s3.ca-central-1.amazonaws.com/common/design/welcome/welcome-car-45.jpg|https://autobunny-docs.s3.ca-central-1.amazonaws.com/common/design/car/style/sedan.png|https://autobunny-docs.s3.ca-central-1.amazonaws.com/common/design/car/style/pickup.png|https://autobunny-docs.s3.ca-central-1.amazonaws.com/common/design/car/style/suv.png|https://autobunny-docs.s3.ca-central-1.amazonaws.com/common/design/car/style/van.png|https://autobunny-docs.s3.ca-central-1.amazonaws.com/common/design/welcome/welcome-car-23-1.jpg|https://autobunny-docs.s3.ca-central-1.amazonaws.com/common/design/icon/select-arrow-black.png|https://autobunny-docs.s3.ca-central-1.amazonaws.com/common/design/icon/search-icon-gray.png","ABS Brakes|AM/FM Stereo|CD Player|Entertainment System|Satellite Radio|Traction Control|Daytime Running Lights - Included|Automatic Headlights - Included|Hid Headlights - Not Available|Headlights-Auto-Leveling - Not Available|Night Vision - Not Available|Integrated Turn Signal Mirrors - Included|Auto-Dimming Rearview Mirror - Included|Smart Device Integration - Included|Apple Carplay - Included|Android Auto - Included|Wifi Hotspot - Included|Bluetooth Connection - Included|Power Outlet - Not Available|Wireless Charging - Included","Key Features:
Alloy Wheels, Keyless Entry, Blind Spot, Ambient Lights, Power Adjustable Seats, Lumber Support, Memory Seats, Adaptive Cruise Control, Digital Cluster, Wireless Apple Carplay &amp; Android Auto, Rear View Camera With Parking Aids, Heated Seats, Heated Steering Wheels, Dual Climate Control, C-Type ports, USB Ports, Push Start Button, Different Mode of Drive, Sunroof, Premium Leather Seats, Rear Heated Seats, Remote Start.","pending","2026-05-07T19:23:16.183Z"
"2022-Volkswagen-Jetta-Sedan-673392","Volkswagen","Jetta","2022","24991","1500","gasoline","automatic","sedan","color=&amp;engine=&amp;fuel_type=&amp;inventorySearchTxt=&amp;submit=&amp;compare=""> Value Deals",":","=""3VWGM7BU2NM008999"" data-year=""2022""  data-make=""Volkswagen""  data-model=""Jetta""  data-trim=""Highline, Sunroof, Leather Seats, Beats Audio"">","https://autobunny-docs.s3.ca-central-1.amazonaws.com/1232/car/forsale/images/2026/04/pic-4f35c9c373e227b176b2bbae5b81f691.jpg|https://autobunny-docs.s3.ca-central-1.amazonaws.com/1232/web-content/logo-icon.png|https://www.peelcarsales.com/images/logo.png|https://autobunny-docs.s3.ca-central-1.amazonaws.com/common/design/welcome/welcome-car-21.jpg|https://autobunny-docs.s3.ca-central-1.amazonaws.com/common/design/welcome/welcome-car-45.jpg|https://autobunny-docs.s3.ca-central-1.amazonaws.com/common/design/car/style/sedan.png|https://autobunny-docs.s3.ca-central-1.amazonaws.com/common/design/car/style/pickup.png|https://autobunny-docs.s3.ca-central-1.amazonaws.com/common/design/car/style/suv.png|https://autobunny-docs.s3.ca-central-1.amazonaws.com/common/design/car/style/van.png|https://autobunny-docs.s3.ca-central-1.amazonaws.com/common/design/welcome/welcome-car-23-1.jpg|https://autobunny-docs.s3.ca-central-1.amazonaws.com/common/design/icon/select-arrow-black.png|https://autobunny-docs.s3.ca-central-1.amazonaws.com/common/design/icon/search-icon-gray.png","ABS Brakes|AM/FM Stereo|CD Player|Entertainment System|Satellite Radio|Traction Control|Daytime Running Lights - Included|Automatic Headlights - Included|Hid Headlights - Not Available|Headlights-Auto-Leveling - Not Available|Night Vision - Not Available|Integrated Turn Signal Mirrors - Included|Auto-Dimming Rearview Mirror - Included|Smart Device Integration - Included|Apple Carplay - Included|Android Auto - Included|Wifi Hotspot - Included|Bluetooth Connection - Included|Power Outlet - Not Available|Wireless Charging - Included","Key Features:
SUNROOF | LEATHER SEATS | NAVIGATION SYSTEM | TOUCHSCREEN INFOTAINMENT SYSTEM | SUBWOOFER | APPLE CARPLAY &amp; ANDROID AUTO |&nbsp;PUSH-UP START/STOP | AIR CONDITIONING | ALLOY WHEELS | POWER ADJUSTABLE DRIVER SEAT | HEATED STEERING WHEEL |
DIGITAL COCKPIT | BACK UP CAMERA | HEATED&nbsp; SEATS | CRUISE CONTROL | TRAFFIC JAM ASSIST | LANE KEEPING ASSIST | LANE DEPARTURE WARNING | BLIND SPOT MONITORING | KEYLESS ENTRY | ACTIVE LANE KEEP ASSISTANCE | PRE COLLISION WARNING | POWER LOCKS AND WINDOWS | VENTED SEATS | LOW TIRE PRESSURE WARNING | DRIVER SIDE AIRBAG &amp; PASSENGER AIRBAG | OUTSIDE TEMPERATURE DISPLAY AND MUCH MORE
&nbsp;","pending","2026-05-07T19:23:21.588Z"
"2021-Mercedes-Benz-GLC-Class-SUV-649282","Mercedes-Benz","GLC-Class","2021","2000","1500","gasoline","automatic","sedan","color=&amp;engine=&amp;fuel_type=&amp;inventorySearchTxt=&amp;submit=&amp;compare=""> Value Deals",":","g the Greater Toronto and adjoining areas since 2014.","https://autobunny-docs.s3.ca-central-1.amazonaws.com/1232/car/forsale/images/2025/11/2021_Mercedes-Benz_GLC-class_pic-40984479cbc946e42e5b743b8a7dfdd9.jpg|https://autobunny-docs.s3.ca-central-1.amazonaws.com/1232/web-content/logo-icon.png|https://www.peelcarsales.com/images/logo.png|https://autobunny-docs.s3.ca-central-1.amazonaws.com/common/design/welcome/welcome-car-21.jpg|https://autobunny-docs.s3.ca-central-1.amazonaws.com/common/design/welcome/welcome-car-45.jpg|https://autobunny-docs.s3.ca-central-1.amazonaws.com/common/design/car/style/sedan.png|https://autobunny-docs.s3.ca-central-1.amazonaws.com/common/design/car/style/pickup.png|https://autobunny-docs.s3.ca-central-1.amazonaws.com/common/design/car/style/suv.png|https://autobunny-docs.s3.ca-central-1.amazonaws.com/common/design/car/style/van.png|https://autobunny-docs.s3.ca-central-1.amazonaws.com/common/design/welcome/welcome-car-23-1.jpg|https://autobunny-docs.s3.ca-central-1.amazonaws.com/common/design/icon/select-arrow-black.png|https://autobunny-docs.s3.ca-central-1.amazonaws.com/common/design/icon/search-icon-gray.png","","Key Features:
Power-adjustable front seats | Memory settings for driver seat | Lumbar support feature | Heated front seats | Dual-zone automatic climate control | Backup Camera | 360&deg; Camera | Apple CarPlay and Android Auto |C-Type Ports | Key-less entry &amp; push-button start | Ambient lighting with multiple colours | Attention Assist | Memory settings | Sunroof | Alloys | Air vents for Rear Passengers |Different Modes of drive | Cruise control | Navigation | Leather seats | Panoramic roof
We are offering the LOWEST possible interest rates! Everyone is Approved!
_____________________
WE ARE OPEN 7 DAYS except for statutory holidays!
&hellip;&hellip;&hellip;&hellip;&hellip;&hellip;&hellip;&hellip;&hellip;&hellip;&hellip;&hellip;&hellip;&hellip;&hellip;&hellip;&hellip;&hellip;&hellip;&hellip;&hellip;&hellip;&hellip;&hellip;&hellip;&hellip;&hellip;&hellip;&hellip;&hellip;&hellip;&hellip;&hellip;&hellip;&hellip;&hellip;&hellip;.
HUNDRED PERCENT**PRICE MATCH POLICY** BASED ON TRIMS|KMS|CARFAX|COLOUR|
&hellip;&hellip;&hellip;&hellip;&hellip;&hellip;&hellip;&hellip;&hellip;&hellip;&hellip;&hellip;&hellip;&hellip;&hellip;&hellip;&hellip;&hellip;&hellip;&hellip;&hellip;&hellip;&hellip;&hellip;&hellip;&hellip;&hellip;&hellip;&hellip;&hellip;&hellip;&hellip;&hellip;&hellip;&hellip;&hellip;&hellip;&hellip;..
* FREE HOME DELIVERY BASED ON YOUR POSTAL CODE**
&hellip;&hellip;&hellip;&hellip;&hellip;&hellip;&hellip;&hellip;&hellip;&hellip;&hellip;&hellip;&hellip;&hellip;&hellip;&hellip;&hellip;&hellip;&hellip;&hellip;&hellip;&hellip;&hellip;&hellip;&hellip;&hellip;&hellip;&hellip;&hellip;&hellip;&hellip;&hellip;&hellip;&hellip;&hellip;&hellip;&hellip;&hellip;&hellip;
EXCHANGE POLICY: MAXIMUM 7 BUSINESS DAYS/1500 KMS IF DEALER CAN NOT FIX ISSUE/CONCERN.
&hellip;&hellip;&hellip;&hellip;&hellip;&hellip;&hellip;&hellip;&hellip;&hellip;&hellip;&hellip;&hellip;&hellip;&hellip;&hellip;&hellip;&hellip;&hellip;&hellip;&hellip;&hellip;&hellip;&hellip;&hellip;&hellip;&hellip;&hellip;&hellip;&hellip;&hellip;&hellip;&hellip;&hellip;&hellip;&hellip;&hellip;&hellip;.
OUR CERTIFIED PRE-OWNED PROGRAM ON 2024 AND 2025 MODELS IS ONLY
$499
OUR CERTIFIED PRE-OWNED PROGRAM ON 2023 AND BELOW MODELS IS ONLY
$799
***We must state this.... As Per Regulations: This vehicle is not certified e-tested not drivable. If the Safety and E-test is Purchased the vehicle is then drivable. This Safety and E-test fee is NOT mandatory to be paid, you can also take the vehicle to your own mechanic. ***
Looking to Finance a car and want to save money at the same time. We have redesigned our dealership for our customers and we offer vehicles on finance or lease with lowest possible interest rates O.A.C. Variable installation and delivery fees may apply.
Cash Purchases are most welcome for the same asking price. Variable admin fee may apply.
Dealer reserves the right to decline credit card purchases (credit card payments in excess of $2,000) at its sole and exclusive discretion.
Prices are subject to change without notice, please contact dealer for details.
We are now located at TWO LOCATIONS to serve you and your neighbourhood.
Mississauga - 2701 DERRY ROAD EAST, MISSISSAUGA, L4T 1A2
Oakville - 333 WYECROFT ROAD, OAKVILLE, L6K 2H2
While we try our best, information of the vehicle is not 100% accurate. Please contact the sales representative to confirm features of the car.
Peel Car Sales is a reputable and trustworthy used car dealership serving the Greater Toronto and adjoining areas since 2014.
Call or text us direct, AT 1(647)678-7778. (FACETIME/WHATSAPP)","pending","2026-05-07T19:23:27.004Z"
"2022-Audi-A3-Sedan-649303","Audi","A3","2022","24991","1500","gasoline","automatic","sedan","color=&amp;engine=&amp;fuel_type=&amp;inventorySearchTxt=&amp;submit=&amp;compare=""> Value Deals",":","=""WAUGUCGY5NA047491"" data-year=""2022""  data-make=""Audi""  data-model=""A3""  data-trim=""Komfort 40, Sunroof, One Year Audi Canada Extended Warranty."">","https://autobunny-docs.s3.ca-central-1.amazonaws.com/1232/car/forsale/images/2025/12/pic-2439f97ce272faaf9c9b99b3f74f7aba.jpg|https://autobunny-docs.s3.ca-central-1.amazonaws.com/1232/web-content/logo-icon.png|https://www.peelcarsales.com/images/logo.png|https://autobunny-docs.s3.ca-central-1.amazonaws.com/common/design/welcome/welcome-car-21.jpg|https://autobunny-docs.s3.ca-central-1.amazonaws.com/common/design/welcome/welcome-car-45.jpg|https://autobunny-docs.s3.ca-central-1.amazonaws.com/common/design/car/style/sedan.png|https://autobunny-docs.s3.ca-central-1.amazonaws.com/common/design/car/style/pickup.png|https://autobunny-docs.s3.ca-central-1.amazonaws.com/common/design/car/style/suv.png|https://autobunny-docs.s3.ca-central-1.amazonaws.com/common/design/car/style/van.png|https://autobunny-docs.s3.ca-central-1.amazonaws.com/common/design/welcome/welcome-car-23-1.jpg|https://autobunny-docs.s3.ca-central-1.amazonaws.com/common/design/icon/select-arrow-black.png|https://autobunny-docs.s3.ca-central-1.amazonaws.com/common/design/icon/search-icon-gray.png","","key Features:
SUNROOF, LEATHER SEATS, POWER ADJUSTABLE SEATS, STEERING CONTROL BUTTONS, CRUISE CONTROL, APPLE CARPLAY &amp; ANDROID AUTO, ALLOY WHEELS, LUMBER SUPPORT, DIGITAL CLUSTER, CRUISE CONTROL, DRIVER ASSISTANCE, DIFFERENT MODE OF DRIVE, REAR VIEW CAMERA WITH PARKING AIDS, HEATED SEATS, DUAL CLIMATE CONTROL, USB C-TYPE PORTS, PUSH START BUTTON, REAR AC VENTS, POWER TRUNK.","pending","2026-05-07T19:23:32.631Z"
"2024-Chevrolet-Trax-SUV-649381","Chevrolet","Trax","2024","22991","1500","gasoline","automatic","sedan","color=&amp;engine=&amp;fuel_type=&amp;inventorySearchTxt=&amp;submit=&amp;compare=""> Value Deals",":","=""KL77LJE21RC111123"" data-year=""2024""  data-make=""Chevrolet""  data-model=""Trax""  data-trim=""2RS, Cruise Control, Apple Car play, Remote Start."">","https://autobunny-docs.s3.ca-central-1.amazonaws.com/1232/car/forsale/images/2025/12/pic-43788990763b8e7bbc5c25c015e8bdef.jpg|https://autobunny-docs.s3.ca-central-1.amazonaws.com/1232/web-content/logo-icon.png|https://www.peelcarsales.com/images/logo.png|https://autobunny-docs.s3.ca-central-1.amazonaws.com/common/design/welcome/welcome-car-21.jpg|https://autobunny-docs.s3.ca-central-1.amazonaws.com/common/design/welcome/welcome-car-45.jpg|https://autobunny-docs.s3.ca-central-1.amazonaws.com/common/design/car/style/sedan.png|https://autobunny-docs.s3.ca-central-1.amazonaws.com/common/design/car/style/pickup.png|https://autobunny-docs.s3.ca-central-1.amazonaws.com/common/design/car/style/suv.png|https://autobunny-docs.s3.ca-central-1.amazonaws.com/common/design/car/style/van.png|https://autobunny-docs.s3.ca-central-1.amazonaws.com/common/design/welcome/welcome-car-23-1.jpg|https://autobunny-docs.s3.ca-central-1.amazonaws.com/common/design/icon/select-arrow-black.png|https://autobunny-docs.s3.ca-central-1.amazonaws.com/common/design/icon/search-icon-gray.png","","Key Features:
Side Mirrors, Alloy Wheels, Keyless Entry, Steering Wheel Control Buttons, Digital Cluster, Heated Steering Wheel, Cruise Control, Collision Warning, Push Start Button, Lane Keep Assist, Apple Carplay &amp; Android Auto, Dual Climate Control, Rear View Camera With Parking Aids, Heated Seats, Wireless Charging, Front and Rear USB Port &amp; C-Type Port, Sunroof, Premium Leather Seats, Sunroof, Remote Start.","pending","2026-05-07T19:23:38.073Z"
"2019-Audi-A5-Sedan-649311","Audi","A5","2019","2000","1500","gasoline","automatic","sedan","and interior, this car exudes elegance and sophistication. Don't miss out on the opportunity to drive home in this well-maintained and reliable vehicle!",", this car exudes elegance and sophistication. Don't miss out on the opportunity to drive home in this well-maintained and reliable vehicle!","g the Greater Toronto and adjoining areas since 2014.","https://autobunny-docs.s3.ca-central-1.amazonaws.com/1232/car/forsale/images/2025/11/2019_Audi_A5_pic-319bbf637fddbe56e7dd53a9915ba024.jpg|https://autobunny-docs.s3.ca-central-1.amazonaws.com/1232/web-content/logo-icon.png|https://www.peelcarsales.com/images/logo.png|https://autobunny-docs.s3.ca-central-1.amazonaws.com/common/design/welcome/welcome-car-21.jpg|https://autobunny-docs.s3.ca-central-1.amazonaws.com/common/design/welcome/welcome-car-45.jpg|https://autobunny-docs.s3.ca-central-1.amazonaws.com/common/design/car/style/sedan.png|https://autobunny-docs.s3.ca-central-1.amazonaws.com/common/design/car/style/pickup.png|https://autobunny-docs.s3.ca-central-1.amazonaws.com/common/design/car/style/suv.png|https://autobunny-docs.s3.ca-central-1.amazonaws.com/common/design/car/style/van.png|https://autobunny-docs.s3.ca-central-1.amazonaws.com/common/design/welcome/welcome-car-23-1.jpg|https://autobunny-docs.s3.ca-central-1.amazonaws.com/common/design/icon/select-arrow-black.png|https://autobunny-docs.s3.ca-central-1.amazonaws.com/common/design/icon/search-icon-gray.png","","This 2019 Audi A5 is a sleek and stylish hatchback that comes fully loaded with features like a sunroof, navigation, and blind-spot monitoring. With its black exterior and interior, this car exudes elegance and sophistication. Don't miss out on the opportunity to drive home in this well-maintained and reliable vehicle!
KEY FEATURES: KEYLESS ENTRY, PUSH BUTTON START, PREMIUM ALLOYS, REARVIEW CAMERA WITH PARKING SENSORS, AUTO DIMMING SIDE MIRRORS, MEMORY SEATS COMES WITH PREMIUM LEATHER SEATS,
AUTO SEATS ADJUSTMENTS, DIGITAL CLUSTER DISPLAY, CRUISE CONTROL, NAVIGATION, HEATED SEATS,
HEATED STEERING WHEEL , BLUETOOTH, APPLE CARPLAY / ANDRIOD AUTO, DUAL CLIMATE CONTROL, TRACTION CONTROL, GARAGE DOOR OPENER, WINTER MATS
SUNROOF, DRIVE MODES, CLIMATE CONTROL FOR REAR SEAT PASSENGERS AND MORE
We are offering the LOWEST possible interest rates! Everyone is Approved!
_____________________
WE ARE OPEN 7 DAYS except for statutory holidays!
&hellip;&hellip;&hellip;&hellip;&hellip;&hellip;&hellip;&hellip;&hellip;&hellip;&hellip;&hellip;&hellip;&hellip;&hellip;&hellip;&hellip;&hellip;&hellip;&hellip;&hellip;&hellip;&hellip;&hellip;&hellip;&hellip;&hellip;&hellip;&hellip;&hellip;&hellip;&hellip;&hellip;&hellip;&hellip;&hellip;&hellip;.
HUNDRED PERCENT**PRICE MATCH POLICY** BASED ON TRIMS|KMS|CARFAX|COLOUR|
&hellip;&hellip;&hellip;&hellip;&hellip;&hellip;&hellip;&hellip;&hellip;&hellip;&hellip;&hellip;&hellip;&hellip;&hellip;&hellip;&hellip;&hellip;&hellip;&hellip;&hellip;&hellip;&hellip;&hellip;&hellip;&hellip;&hellip;&hellip;&hellip;&hellip;&hellip;&hellip;&hellip;&hellip;&hellip;&hellip;&hellip;&hellip;..
* FREE HOME DELIVERY BASED ON YOUR POSTAL CODE**
&hellip;&hellip;&hellip;&hellip;&hellip;&hellip;&hellip;&hellip;&hellip;&hellip;&hellip;&hellip;&hellip;&hellip;&hellip;&hellip;&hellip;&hellip;&hellip;&hellip;&hellip;&hellip;&hellip;&hellip;&hellip;&hellip;&hellip;&hellip;&hellip;&hellip;&hellip;&hellip;&hellip;&hellip;&hellip;&hellip;&hellip;&hellip;&hellip;
EXCHANGE POLICY: MAXIMUM 7 BUSINESS DAYS/1500 KMS IF DEALER CAN NOT FIX ISSUE/CONCERN.
&hellip;&hellip;&hellip;&hellip;&hellip;&hellip;&hellip;&hellip;&hellip;&hellip;&hellip;&hellip;&hellip;&hellip;&hellip;&hellip;&hellip;&hellip;&hellip;&hellip;&hellip;&hellip;&hellip;&hellip;&hellip;&hellip;&hellip;&hellip;&hellip;&hellip;&hellip;&hellip;&hellip;&hellip;&hellip;&hellip;&hellip;&hellip;.
OUR CERTIFIED PRE-OWNED PROGRAM ON 2024 AND 2025 MODELS IS ONLY
$499
OUR CERTIFIED PRE-OWNED PROGRAM ON 2023 AND BELOW MODELS IS ONLY
$799
***We must state this.... As Per Regulations: This vehicle is not certified e-tested not drivable. If the Safety and E-test is Purchased the vehicle is then drivable. This Safety and E-test fee is NOT mandatory to be paid, you can also take the vehicle to your own mechanic. ***
Looking to Finance a car and want to save money at the same time. We have redesigned our dealership for our customers and we offer vehicles on finance or lease with lowest possible interest rates O.A.C. Variable installation and delivery fees may apply.
Cash Purchases are most welcome for the same asking price. Variable admin fee may apply.
Dealer reserves the right to decline credit card purchases (credit card payments in excess of $2,000) at its sole and exclusive discretion.
Prices are subject to change without notice, please contact dealer for details.
We are now located at TWO LOCATIONS to serve you and your neighbourhood.
Mississauga - 2701 DERRY ROAD EAST, MISSISSAUGA, L4T 1A2
Oakville - 333 WYECROFT ROAD, OAKVILLE, L6K 2H2
While we try our best, information of the vehicle is not 100% accurate. Please contact the sales representative to confirm features of the car.
Peel Car Sales is a reputable and trustworthy used car dealership serving the Greater Toronto and adjoining areas since 2014.
Call or text us direct, AT 1(647)678-7778. (FACETIME/WHATSAPP)","pending","2026-05-07T19:23:43.515Z"
"2017-Porsche-Macan-SUV-649238","Porsche","Macan","2017","2000","1500","gasoline","automatic","sedan","color=&amp;engine=&amp;fuel_type=&amp;inventorySearchTxt=&amp;submit=&amp;compare=""> Value Deals",":","g the Greater Toronto and adjoining areas since 2014.","https://autobunny-docs.s3.ca-central-1.amazonaws.com/1232/car/forsale/images/2025/11/pic-d236e9f57be92468321601d0adeecddb.jpg|https://autobunny-docs.s3.ca-central-1.amazonaws.com/1232/web-content/logo-icon.png|https://www.peelcarsales.com/images/logo.png|https://autobunny-docs.s3.ca-central-1.amazonaws.com/common/design/welcome/welcome-car-21.jpg|https://autobunny-docs.s3.ca-central-1.amazonaws.com/common/design/welcome/welcome-car-45.jpg|https://autobunny-docs.s3.ca-central-1.amazonaws.com/common/design/car/style/sedan.png|https://autobunny-docs.s3.ca-central-1.amazonaws.com/common/design/car/style/pickup.png|https://autobunny-docs.s3.ca-central-1.amazonaws.com/common/design/car/style/suv.png|https://autobunny-docs.s3.ca-central-1.amazonaws.com/common/design/car/style/van.png|https://autobunny-docs.s3.ca-central-1.amazonaws.com/common/design/welcome/welcome-car-23-1.jpg|https://autobunny-docs.s3.ca-central-1.amazonaws.com/common/design/icon/select-arrow-black.png|https://autobunny-docs.s3.ca-central-1.amazonaws.com/common/design/icon/search-icon-gray.png","","Key Feature:
Blind Spot Monitoring, Memory Seats, Bose Sound Speaker, Power Adjustable Seats, Lumber Support, Paddle Shifter, Adaptive Cruise Control, Park Assist, Rear View Camera 360 View, Navigation, USB Ports, Heated and Vented Seats, Different Mode of Drive, Lane Keep Assist, Dual Climate Control, Panoramic Roof, Leather Seats, Rear AC Vents,
We are offering the LOWEST possible interest rates! Everyone is Approved!
_____________________
WE ARE OPEN 7 DAYS except for statutory holidays!
&hellip;&hellip;&hellip;&hellip;&hellip;&hellip;&hellip;&hellip;&hellip;&hellip;&hellip;&hellip;&hellip;&hellip;&hellip;&hellip;&hellip;&hellip;&hellip;&hellip;&hellip;&hellip;&hellip;&hellip;&hellip;&hellip;&hellip;&hellip;&hellip;&hellip;&hellip;&hellip;&hellip;&hellip;&hellip;&hellip;&hellip;.
HUNDRED PERCENT**PRICE MATCH POLICY** BASED ON TRIMS|KMS|CARFAX|COLOUR|
&hellip;&hellip;&hellip;&hellip;&hellip;&hellip;&hellip;&hellip;&hellip;&hellip;&hellip;&hellip;&hellip;&hellip;&hellip;&hellip;&hellip;&hellip;&hellip;&hellip;&hellip;&hellip;&hellip;&hellip;&hellip;&hellip;&hellip;&hellip;&hellip;&hellip;&hellip;&hellip;&hellip;&hellip;&hellip;&hellip;&hellip;&hellip;..
* FREE HOME DELIVERY BASED ON YOUR POSTAL CODE**
&hellip;&hellip;&hellip;&hellip;&hellip;&hellip;&hellip;&hellip;&hellip;&hellip;&hellip;&hellip;&hellip;&hellip;&hellip;&hellip;&hellip;&hellip;&hellip;&hellip;&hellip;&hellip;&hellip;&hellip;&hellip;&hellip;&hellip;&hellip;&hellip;&hellip;&hellip;&hellip;&hellip;&hellip;&hellip;&hellip;&hellip;&hellip;&hellip;
EXCHANGE POLICY: MAXIMUM 7 BUSINESS DAYS/1500 KMS IF DEALER CAN NOT FIX ISSUE/CONCERN.
&hellip;&hellip;&hellip;&hellip;&hellip;&hellip;&hellip;&hellip;&hellip;&hellip;&hellip;&hellip;&hellip;&hellip;&hellip;&hellip;&hellip;&hellip;&hellip;&hellip;&hellip;&hellip;&hellip;&hellip;&hellip;&hellip;&hellip;&hellip;&hellip;&hellip;&hellip;&hellip;&hellip;&hellip;&hellip;&hellip;&hellip;&hellip;.
OUR CERTIFIED PRE-OWNED PROGRAM ON 2024 AND 2025 MODELS IS ONLY
$499
OUR CERTIFIED PRE-OWNED PROGRAM ON 2023 AND BELOW MODELS IS ONLY
$799
***We must state this.... As Per Regulations: This vehicle is not certified e-tested not drivable. If the Safety and E-test is Purchased the vehicle is then drivable. This Safety and E-test fee is NOT mandatory to be paid, you can also take the vehicle to your own mechanic. ***
Looking to Finance a car and want to save money at the same time. We have redesigned our dealership for our customers and we offer vehicles on finance or lease with lowest possible interest rates O.A.C. Variable installation and delivery fees may apply.
Cash Purchases are most welcome for the same asking price. Variable admin fee may apply.
Dealer reserves the right to decline credit card purchases (credit card payments in excess of $2,000) at its sole and exclusive discretion.
Prices are subject to change without notice, please contact dealer for details.
We are now located at TWO LOCATIONS to serve you and your neighbourhood.
Mississauga - 2701 DERRY ROAD EAST, MISSISSAUGA, L4T 1A2
Oakville - 333 WYECROFT ROAD, OAKVILLE, L6K 2H2
While we try our best, information of the vehicle is not 100% accurate. Please contact the sales representative to confirm features of the car.
Peel Car Sales is a reputable and trustworthy used car dealership serving the Greater Toronto and adjoining areas since 2014.
Call or text us direct, AT 1(647)678-7778. (FACETIME/WHATSAPP)","pending","2026-05-07T19:23:48.924Z"
"2019-Mercedes-Benz-GLA-Class-Hatchback-649439","Mercedes-Benz","GLA-Class","2019","23491","1500","gasoline","automatic","sedan","color=&amp;engine=&amp;fuel_type=&amp;inventorySearchTxt=&amp;submit=&amp;compare=""> Value Deals",":","g with a touch of luxury.","https://autobunny-docs.s3.ca-central-1.amazonaws.com/1232/car/forsale/images/2025/11/2019_Mercedes-Benz_GLA-Class_pic-9885d535f354369b8f10a48425e16fce.jpg|https://autobunny-docs.s3.ca-central-1.amazonaws.com/1232/web-content/logo-icon.png|https://www.peelcarsales.com/images/logo.png|https://autobunny-docs.s3.ca-central-1.amazonaws.com/common/design/welcome/welcome-car-21.jpg|https://autobunny-docs.s3.ca-central-1.amazonaws.com/common/design/welcome/welcome-car-45.jpg|https://autobunny-docs.s3.ca-central-1.amazonaws.com/common/design/car/style/sedan.png|https://autobunny-docs.s3.ca-central-1.amazonaws.com/common/design/car/style/pickup.png|https://autobunny-docs.s3.ca-central-1.amazonaws.com/common/design/car/style/suv.png|https://autobunny-docs.s3.ca-central-1.amazonaws.com/common/design/car/style/van.png|https://autobunny-docs.s3.ca-central-1.amazonaws.com/common/design/welcome/welcome-car-23-1.jpg|https://autobunny-docs.s3.ca-central-1.amazonaws.com/common/design/icon/select-arrow-black.png|https://autobunny-docs.s3.ca-central-1.amazonaws.com/common/design/icon/search-icon-gray.png","","Key Features:
Blind Spot Monitoring, Alloy Wheels, Power Seats, Memory Seats, Lumber Support, Paddle Shifter, Cruise Controls, Push Start Button, Ambient Lighting, Rear View Camera, Heated Seats, Panoramic Roof, Leather Seats.
Packed with style and versatility, the 2019 GLA 250 4MATIC combines a turbocharged 2.0-litre engine with Mercedes&rsquo; all-wheel drive system for agile performance in all conditions. Inside, enjoy upscale materials, modern infotainment, and compact-SUV practicality with plenty of tech. Sleek yet sporty, it&rsquo;s perfect for urban driving with a touch of luxury.
&nbsp;","pending","2026-05-07T19:23:54.387Z"
"2021-Mazda-CX-5-SUV-649279","Mazda","CX-5","2021","27991","1500","gasoline","automatic","sedan","color=&amp;engine=&amp;fuel_type=&amp;inventorySearchTxt=&amp;submit=&amp;compare=""> Value Deals",", 360 Camera."">","=""JM3KFBAY4M0100218"" data-year=""2021""  data-make=""Mazda""  data-model=""CX-5""  data-trim=""100th Anniversary, Heads-Up Display, Dual Interior, 360 Camera."">","https://autobunny-docs.s3.ca-central-1.amazonaws.com/1232/car/forsale/images/2025/11/2021_Mazda_CX-5_pic-107808e8182aee2bd1d4127b7d9b3bd1.jpg|https://autobunny-docs.s3.ca-central-1.amazonaws.com/1232/web-content/logo-icon.png|https://www.peelcarsales.com/images/logo.png|https://autobunny-docs.s3.ca-central-1.amazonaws.com/common/design/welcome/welcome-car-21.jpg|https://autobunny-docs.s3.ca-central-1.amazonaws.com/common/design/welcome/welcome-car-45.jpg|https://autobunny-docs.s3.ca-central-1.amazonaws.com/common/design/car/style/sedan.png|https://autobunny-docs.s3.ca-central-1.amazonaws.com/common/design/car/style/pickup.png|https://autobunny-docs.s3.ca-central-1.amazonaws.com/common/design/car/style/suv.png|https://autobunny-docs.s3.ca-central-1.amazonaws.com/common/design/car/style/van.png|https://autobunny-docs.s3.ca-central-1.amazonaws.com/common/design/welcome/welcome-car-23-1.jpg|https://autobunny-docs.s3.ca-central-1.amazonaws.com/common/design/icon/select-arrow-black.png|https://autobunny-docs.s3.ca-central-1.amazonaws.com/common/design/icon/search-icon-gray.png","","KEY FEATURES:
KEYLESS ENTRY, PUSH BUTTON START, PREMIUM WHEELS, BLINDSPOTS, RED LEATHER SEATS, POWER ADJSUTABLE SEATS, LUMBER SUPPORT, TRACTION CONTROL, PARKING SENSOR, REAR VIEW CAMERA 360 VIEW, PARKING AIDS, NAVIGATION, AUTO HOLD, LANE DEPARTURE WARNING, ADAPTIVE CRUISE CONTROL, FRONT AND REAR PARKING SENSORS, HEATED&amp;VENTED FRONT SEATS, DUAL CLIMATE CONTROL, SUNROOF, REAR HEATED SEATS, REAR A/C VENTS, BLUETOOTH, APPLE CARPLAY, DRIVE MODES.
&nbsp;","pending","2026-05-07T19:23:59.791Z"
"2022-Volkswagen-Tiguan-SUV-649293","Volkswagen","Tiguan","2022","26491","1500","gasoline","automatic","sedan","color=&amp;engine=&amp;fuel_type=&amp;inventorySearchTxt=&amp;submit=&amp;compare=""> Value Deals",":","=""3VV8B7AXXNM063338"" data-year=""2022""  data-make=""Volkswagen""  data-model=""Tiguan""  data-trim=""Comfortline R-Line Black Edition, Adaptive Cruise Control, Remote Start, Panoramic Roof."">","https://autobunny-docs.s3.ca-central-1.amazonaws.com/1232/car/forsale/images/2025/11/2022_Volkswagen_Tiguan_pic-3e8fde7f24015a145c18cd2e6bc7abea.jpg|https://autobunny-docs.s3.ca-central-1.amazonaws.com/1232/web-content/logo-icon.png|https://www.peelcarsales.com/images/logo.png|https://autobunny-docs.s3.ca-central-1.amazonaws.com/common/design/welcome/welcome-car-21.jpg|https://autobunny-docs.s3.ca-central-1.amazonaws.com/common/design/welcome/welcome-car-45.jpg|https://autobunny-docs.s3.ca-central-1.amazonaws.com/common/design/car/style/sedan.png|https://autobunny-docs.s3.ca-central-1.amazonaws.com/common/design/car/style/pickup.png|https://autobunny-docs.s3.ca-central-1.amazonaws.com/common/design/car/style/suv.png|https://autobunny-docs.s3.ca-central-1.amazonaws.com/common/design/car/style/van.png|https://autobunny-docs.s3.ca-central-1.amazonaws.com/common/design/welcome/welcome-car-23-1.jpg|https://autobunny-docs.s3.ca-central-1.amazonaws.com/common/design/icon/select-arrow-black.png|https://autobunny-docs.s3.ca-central-1.amazonaws.com/common/design/icon/search-icon-gray.png","","KEY FEATURES:
KEYLESS ENTRY, PUSH BUTTON START, PREMIUM WHEELS, FRONT AND REAR PARKING SENSORS, POWER TRUNK, LEATHER SEATS COMES WITH POWER SEAT ADJUSTMENTS, REMOTE STARTER, DIGITAL CLUSTER DISPLAY, TOUCH DISPLAY SCREEN, REAR VIEW CAMERA WITH PARKING AIDS, ADAPTIVE CRUISE CONTROL, LANE ASSIST , LANE DEPARTURE WARNING, HEATED STEERING WHEEL, HEATED SEATS, APPLE CARPLAY / ANDROID AUTO, WIRELESS PHONE CHARGER, DUAL CLIMATE CONTROL, PANORAMIC ROOF, DRIVE MODES AND MORE
&nbsp;","pending","2026-05-07T19:24:05.205Z"
"2025-Honda-Civic-Sedan-649247","Honda","Civic","2025","2000","1500","gasoline","automatic","sedan","color=&amp;engine=&amp;fuel_type=&amp;inventorySearchTxt=&amp;submit=&amp;compare=""> Value Deals",":","g the Greater Toronto and adjoining areas since 2014.","https://autobunny-docs.s3.ca-central-1.amazonaws.com/1232/car/forsale/images/2025/11/2025_Honda_Civic_pic-e20c3366261ae3e847db371a495c79b9.jpg|https://autobunny-docs.s3.ca-central-1.amazonaws.com/1232/web-content/logo-icon.png|https://www.peelcarsales.com/images/logo.png|https://autobunny-docs.s3.ca-central-1.amazonaws.com/common/design/welcome/welcome-car-21.jpg|https://autobunny-docs.s3.ca-central-1.amazonaws.com/common/design/welcome/welcome-car-45.jpg|https://autobunny-docs.s3.ca-central-1.amazonaws.com/common/design/car/style/sedan.png|https://autobunny-docs.s3.ca-central-1.amazonaws.com/common/design/car/style/pickup.png|https://autobunny-docs.s3.ca-central-1.amazonaws.com/common/design/car/style/suv.png|https://autobunny-docs.s3.ca-central-1.amazonaws.com/common/design/car/style/van.png|https://autobunny-docs.s3.ca-central-1.amazonaws.com/common/design/welcome/welcome-car-23-1.jpg|https://autobunny-docs.s3.ca-central-1.amazonaws.com/common/design/icon/select-arrow-black.png|https://autobunny-docs.s3.ca-central-1.amazonaws.com/common/design/icon/search-icon-gray.png","","KEY FEATURES: KEYLESS ENTRY, PUSH BUTTON START, PREMIUM PIANO BLACK ALLOYS, REMOTE STARTER, REARVIEW CAMERA,
BLINDSPOTS DETECTION, HEATED SEATS, HEATED STEERING WHEEL, DIGITAL CLUSTER DISPLAY, ADAPTIVE CRUISE CONTROL,
LANE ASSIST, LANE DEPARTURE WARNING, FRONT COLLISION WARNING, REAR TRAFFIC ALERT, REAR PARKING AID, SUNROOF,
DUAL CLIMATE CONTROL, BLUETOOTH, APPLE CARPLAY, ANDRIOD AUTO, SUNROOF AND MORE!
We are offering the LOWEST possible interest rates! Everyone is Approved!
_____________________
WE ARE OPEN 7 DAYS except for statutory holidays!
&hellip;&hellip;&hellip;&hellip;&hellip;&hellip;&hellip;&hellip;&hellip;&hellip;&hellip;&hellip;&hellip;&hellip;&hellip;&hellip;&hellip;&hellip;&hellip;&hellip;&hellip;&hellip;&hellip;&hellip;&hellip;&hellip;&hellip;&hellip;&hellip;&hellip;&hellip;&hellip;&hellip;&hellip;&hellip;&hellip;&hellip;.
HUNDRED PERCENT**PRICE MATCH POLICY** BASED ON TRIMS|KMS|CARFAX|COLOUR|
&hellip;&hellip;&hellip;&hellip;&hellip;&hellip;&hellip;&hellip;&hellip;&hellip;&hellip;&hellip;&hellip;&hellip;&hellip;&hellip;&hellip;&hellip;&hellip;&hellip;&hellip;&hellip;&hellip;&hellip;&hellip;&hellip;&hellip;&hellip;&hellip;&hellip;&hellip;&hellip;&hellip;&hellip;&hellip;&hellip;&hellip;&hellip;..
* FREE HOME DELIVERY BASED ON YOUR POSTAL CODE**
&hellip;&hellip;&hellip;&hellip;&hellip;&hellip;&hellip;&hellip;&hellip;&hellip;&hellip;&hellip;&hellip;&hellip;&hellip;&hellip;&hellip;&hellip;&hellip;&hellip;&hellip;&hellip;&hellip;&hellip;&hellip;&hellip;&hellip;&hellip;&hellip;&hellip;&hellip;&hellip;&hellip;&hellip;&hellip;&hellip;&hellip;&hellip;&hellip;
EXCHANGE POLICY: MAXIMUM 7 BUSINESS DAYS/1500 KMS IF DEALER CAN NOT FIX ISSUE/CONCERN.
&hellip;&hellip;&hellip;&hellip;&hellip;&hellip;&hellip;&hellip;&hellip;&hellip;&hellip;&hellip;&hellip;&hellip;&hellip;&hellip;&hellip;&hellip;&hellip;&hellip;&hellip;&hellip;&hellip;&hellip;&hellip;&hellip;&hellip;&hellip;&hellip;&hellip;&hellip;&hellip;&hellip;&hellip;&hellip;&hellip;&hellip;&hellip;.
OUR CERTIFIED PRE-OWNED PROGRAM ON 2024 AND 2025 MODELS IS ONLY
$499
OUR CERTIFIED PRE-OWNED PROGRAM ON 2023 AND BELOW MODELS IS ONLY
$799
***We must state this.... As Per Regulations: This vehicle is not certified e-tested not drivable. If the Safety and E-test is Purchased the vehicle is then drivable. This Safety and E-test fee is NOT mandatory to be paid, you can also take the vehicle to your own mechanic. ***
Looking to Finance a car and want to save money at the same time. We have redesigned our dealership for our customers and we offer vehicles on finance or lease with lowest possible interest rates O.A.C. Variable installation and delivery fees may apply.
Cash Purchases are most welcome for the same asking price. Variable admin fee may apply.
Dealer reserves the right to decline credit card purchases (credit card payments in excess of $2,000) at its sole and exclusive discretion.
Prices are subject to change without notice, please contact dealer for details.
We are now located at TWO LOCATIONS to serve you and your neighbourhood.
Mississauga - 2701 DERRY ROAD EAST, MISSISSAUGA, L4T 1A2
Oakville - 333 WYECROFT ROAD, OAKVILLE, L6K 2H2
While we try our best, information of the vehicle is not 100% accurate. Please contact the sales representative to confirm features of the car.
Peel Car Sales is a reputable and trustworthy used car dealership serving the Greater Toronto and adjoining areas since 2014.
Call or text us direct, AT 1(647)678-7778. (FACETIME/WHATSAPP)","pending","2026-05-07T19:24:10.634Z"
"2022-Chrysler-300-Sedan-649307","Chrysler","300","2022","25991","1500","gasoline","automatic","sedan","and interior give it a sophisticated look, making it a standout choice for those who appreciate both style and substance. Don't miss out on the opportunity to own this impressive vehicle!","give it a sophisticated look, making it a standout choice for those who appreciate both style and substance. Don't miss out on the opportunity to own this impressive vehicle!","=""2C3CCABG3NH150776"" data-year=""2022""  data-make=""Chrysler""  data-model=""300""  data-trim=""S, Panoramic Roof, Apple Carplay, BSM, Remote Start"">","https://autobunny-docs.s3.ca-central-1.amazonaws.com/1232/car/forsale/images/2025/11/2022_Chrysler_300_pic-4ead98177e23e34f4cc60911ffbfd848.jpg|https://autobunny-docs.s3.ca-central-1.amazonaws.com/1232/web-content/logo-icon.png|https://www.peelcarsales.com/images/logo.png|https://autobunny-docs.s3.ca-central-1.amazonaws.com/common/design/welcome/welcome-car-21.jpg|https://autobunny-docs.s3.ca-central-1.amazonaws.com/common/design/welcome/welcome-car-45.jpg|https://autobunny-docs.s3.ca-central-1.amazonaws.com/common/design/car/style/sedan.png|https://autobunny-docs.s3.ca-central-1.amazonaws.com/common/design/car/style/pickup.png|https://autobunny-docs.s3.ca-central-1.amazonaws.com/common/design/car/style/suv.png|https://autobunny-docs.s3.ca-central-1.amazonaws.com/common/design/car/style/van.png|https://autobunny-docs.s3.ca-central-1.amazonaws.com/common/design/welcome/welcome-car-23-1.jpg|https://autobunny-docs.s3.ca-central-1.amazonaws.com/common/design/icon/select-arrow-black.png|https://autobunny-docs.s3.ca-central-1.amazonaws.com/common/design/icon/search-icon-gray.png","","Check out this sleek and stylish 2022 Chrysler 300 Sedan! With its powerful 6 Cylinder engine, panoramic roof, Apple Carplay, and AWD capability, this car is the perfect blend of luxury and performance. The black exterior and interior give it a sophisticated look, making it a standout choice for those who appreciate both style and substance. Don't miss out on the opportunity to own this impressive vehicle!
KEY FEATURES:
KEYLESS ENTRY, PUSH BUTTON START, PREMIUM ALLOYS, REARVIEW CAMERA WITH PARKING AID,
REAR PARKING SENSORS, LEATHER SEATS COMES WITH POWER SEATS ADJUSTMENTS, CRUISE CONTROL,
BLUETOOTH, APPLE CARPLAY / ANDRIOD AUTO, TOUCH DISPLAY SCREEN, NAVIGATION, BLINDSPOTS DETECTION,
PANORAMIC ROOF, HEATED SEATS, DUAL CLIMATE ZONE, REMOTE STARTER, FOG LIGHTS. REAR AC VENTS, REAR USB PORTS.
&nbsp;","pending","2026-05-07T19:24:16.361Z"
"2025-Nissan-Sentra-Sedan-680959","Nissan","Sentra","2025","25590","1500","gasoline","automatic","sedan","color=&amp;engine=&amp;fuel_type=&amp;inventorySearchTxt=&amp;submit=&amp;compare=""> Value Deals",":","=""3N1AB8CV0SY332357"" data-year=""2025""  data-make=""Nissan""  data-model=""Sentra""  data-trim=""SV, Sunroof"">","https://autobunny-docs.s3.ca-central-1.amazonaws.com/1232/car/forsale/images/2026/04/pic-74e94f5bd6070bffc52276e0aacf5e5b.jpg|https://autobunny-docs.s3.ca-central-1.amazonaws.com/1232/web-content/logo-icon.png|https://www.peelcarsales.com/images/logo.png|https://autobunny-docs.s3.ca-central-1.amazonaws.com/common/design/welcome/welcome-car-21.jpg|https://autobunny-docs.s3.ca-central-1.amazonaws.com/common/design/welcome/welcome-car-45.jpg|https://autobunny-docs.s3.ca-central-1.amazonaws.com/common/design/car/style/sedan.png|https://autobunny-docs.s3.ca-central-1.amazonaws.com/common/design/car/style/pickup.png|https://autobunny-docs.s3.ca-central-1.amazonaws.com/common/design/car/style/suv.png|https://autobunny-docs.s3.ca-central-1.amazonaws.com/common/design/car/style/van.png|https://autobunny-docs.s3.ca-central-1.amazonaws.com/common/design/welcome/welcome-car-23-1.jpg|https://autobunny-docs.s3.ca-central-1.amazonaws.com/common/design/icon/select-arrow-black.png|https://autobunny-docs.s3.ca-central-1.amazonaws.com/common/design/icon/search-icon-gray.png","ABS Brakes|AM/FM Stereo|CD Player|Entertainment System|Satellite Radio|Traction Control|Daytime Running Lights - Included|Automatic Headlights - Included|Hid Headlights - Not Available|Headlights-Auto-Leveling - Not Available|Night Vision - Not Available|Integrated Turn Signal Mirrors - Included|Auto-Dimming Rearview Mirror - Not Available|Smart Device Integration - Included|Apple Carplay - Included|Android Auto - Included|Wifi Hotspot - Not Available|Bluetooth Connection - Included|Power Outlet - Not Available|Wireless Charging - Not Available","&nbsp;
Key Features:
ALLOY WHEELS, KEYLESS ENTRY, POWER TRUNK, STEERING CONTROL BUTTONS, ADAPTIVE CRUISE CONTROL, APPLE CARPLAY &amp; ANDROID AUTO, REAR VIEW CAMERA WITH PARKING AIDS, LANE KEEP ASSIST, DUAL CLIMATE CONTROL, USB PORT, PUSH START BUTTON, SUNROOF, PREMIUM FABRIC SEATS, REMOTE START","pending","2026-05-07T19:24:21.852Z"
"2021-Toyota-Corolla-Sedan-681074","Toyota","Corolla","2021","21295","1500","gasoline","automatic","sedan","color=&amp;engine=&amp;fuel_type=&amp;inventorySearchTxt=&amp;submit=&amp;compare=""> Value Deals","Trim -inc: Piano Black Instrument Panel Insert, Metal-Look Console Insert and Metal-Look Interior Accents","=""5YFBPMBE5MP192032"" data-year=""2021""  data-make=""Toyota""  data-model=""Corolla""  data-trim=""LE Upgrade, Sunroof, Alloy Wheels, Back Camera."">","https://autobunny-docs.s3.ca-central-1.amazonaws.com/1232/car/forsale/images/2026/04/pic-8594683be43f58c3ffeeaf43935ebb1c.jpg|https://autobunny-docs.s3.ca-central-1.amazonaws.com/1232/web-content/logo-icon.png|https://www.peelcarsales.com/images/logo.png|https://autobunny-docs.s3.ca-central-1.amazonaws.com/common/design/welcome/welcome-car-21.jpg|https://autobunny-docs.s3.ca-central-1.amazonaws.com/common/design/welcome/welcome-car-45.jpg|https://autobunny-docs.s3.ca-central-1.amazonaws.com/common/design/car/style/sedan.png|https://autobunny-docs.s3.ca-central-1.amazonaws.com/common/design/car/style/pickup.png|https://autobunny-docs.s3.ca-central-1.amazonaws.com/common/design/car/style/suv.png|https://autobunny-docs.s3.ca-central-1.amazonaws.com/common/design/car/style/van.png|https://autobunny-docs.s3.ca-central-1.amazonaws.com/common/design/welcome/welcome-car-23-1.jpg|https://autobunny-docs.s3.ca-central-1.amazonaws.com/common/design/icon/select-arrow-black.png|https://autobunny-docs.s3.ca-central-1.amazonaws.com/common/design/icon/search-icon-gray.png","ABS Brakes|Air Conditioning|AM/FM Stereo|Backup Camera|Bluetooth|CD Player|Cruise Control|Cup Holder|Digital Clock|Driver Side Airbag|Entertainment System|Heated Exterior Mirrors|Keyless Entry|Low Tire Pressure Warning|Passenger Airbag|Power Locks|Power Mirrors|Rear Window Defroster|Tinted Glass|Traction Control","This 2021 Toyota Corolla LE Upgrade with Sunroof is a sleek sedan that combines style and reliability. With its low mileage and modern features, this car is sure to impress. Don't miss out on the opportunity to own this stylish silver beauty! #ToyotaCorolla #Sedan #Upgrade #Sunroof
Key Features:
BLIND SPOT MONITORING, KEYLESS ENTRY, HEATED STEERING WHEEL, STEERING WHEEL CONTROL BUTTONS, ADAPTIVE CRUISE CONTROL, PUSH START BUTTON, REAR VIEW CAMERA WITH PARKING AIDS, APPLE CARPLAY &amp; ANROID AUTO, DUAL CLIMATE CONTROL, HEATED VENTED SEATS, AUTO HOLD, SUNROOF AND MUCH MORE.","pending","2026-05-07T19:24:27.316Z"
"2019-Dodge-Charger-Sedan-680452","Dodge","Charger","2019","2000","1500","gasoline","automatic","sedan","color=&amp;engine=&amp;fuel_type=&amp;inventorySearchTxt=&amp;submit=&amp;compare=""> Value Deals","Trim -inc: Aluminum Instrument Panel Insert, Aluminum Console Insert and Metal-Look Interior Accents","=""2C3CDXGJ3KH659461"" data-year=""2019""  data-make=""Dodge""  data-model=""Charger""  data-trim=""Scat Pack, Sunroof, Premium Leather Seats"">","https://autobunny-docs.s3.ca-central-1.amazonaws.com/1232/car/forsale/images/2026/04/pic-24feddb23a803ee7af6527d4b0edc31a.jpg|https://autobunny-docs.s3.ca-central-1.amazonaws.com/1232/web-content/logo-icon.png|https://www.peelcarsales.com/images/logo.png|https://autobunny-docs.s3.ca-central-1.amazonaws.com/common/design/welcome/welcome-car-21.jpg|https://autobunny-docs.s3.ca-central-1.amazonaws.com/common/design/welcome/welcome-car-45.jpg|https://autobunny-docs.s3.ca-central-1.amazonaws.com/common/design/car/style/sedan.png|https://autobunny-docs.s3.ca-central-1.amazonaws.com/common/design/car/style/pickup.png|https://autobunny-docs.s3.ca-central-1.amazonaws.com/common/design/car/style/suv.png|https://autobunny-docs.s3.ca-central-1.amazonaws.com/common/design/car/style/van.png|https://autobunny-docs.s3.ca-central-1.amazonaws.com/common/design/welcome/welcome-car-23-1.jpg|https://autobunny-docs.s3.ca-central-1.amazonaws.com/common/design/icon/select-arrow-black.png|https://autobunny-docs.s3.ca-central-1.amazonaws.com/common/design/icon/search-icon-gray.png","ABS Brakes|Air Conditioning|AM/FM Stereo|Backup Camera|Bluetooth|CD Player|Cruise Control|Cup Holder|Digital Clock|Driver Side Airbag|Entertainment System|Fog Lights|Keyless Entry|Low Tire Pressure Warning|Passenger Airbag|Power Locks|Power Mirrors|Rear Window Defroster|Tinted Glass|Traction Control","Key Features:
ALLOY WHEELS, RED CALLIPERS, BLIND SPOT MONITORING, KEYLESS ENTRY, MEMORY SEATS, POWER ADJUSTABLE SEATS, LUMER SUPPORT, ADAPTIVE CRUISE CONTROL, PADDLE SHIFTERS, PUSH START, MIRROR DIMMER, DUAL ZONE CLIMATE CONTROL, HEATED AND VENTED SEATS, HEATED STEERING WHEELS, REAR VIEW CAMERA WITH PARKING AIDS, DUAL ZONE CLIMATE CONTROL, SUNROOF, PREMIUM SEATS, REAR AC VENTS AND REAR HEATED SEATS, USB PORTS, AND MUCH MORE.&nbsp;","pending","2026-05-07T19:24:32.734Z"
"2024-Volkswagen-Jetta-Sedan-674308","Volkswagen","Jetta","2024","26991","1500","gasoline","automatic","sedan","color=&amp;engine=&amp;fuel_type=&amp;inventorySearchTxt=&amp;submit=&amp;compare=""> Value Deals",":","=""3VWGM7BU8RM080344"" data-year=""2024""  data-make=""Volkswagen""  data-model=""Jetta""  data-trim=""Highline, SUNROOF, LEATHER SEATS, APPLE CARPLAY"">","https://autobunny-docs.s3.ca-central-1.amazonaws.com/1232/car/forsale/images/2026/04/pic-43c619759657250a1cf052f0bb66b5ff.jpg|https://autobunny-docs.s3.ca-central-1.amazonaws.com/1232/web-content/logo-icon.png|https://www.peelcarsales.com/images/logo.png|https://autobunny-docs.s3.ca-central-1.amazonaws.com/common/design/welcome/welcome-car-21.jpg|https://autobunny-docs.s3.ca-central-1.amazonaws.com/common/design/welcome/welcome-car-45.jpg|https://autobunny-docs.s3.ca-central-1.amazonaws.com/common/design/car/style/sedan.png|https://autobunny-docs.s3.ca-central-1.amazonaws.com/common/design/car/style/pickup.png|https://autobunny-docs.s3.ca-central-1.amazonaws.com/common/design/car/style/suv.png|https://autobunny-docs.s3.ca-central-1.amazonaws.com/common/design/car/style/van.png|https://autobunny-docs.s3.ca-central-1.amazonaws.com/common/design/welcome/welcome-car-23-1.jpg|https://autobunny-docs.s3.ca-central-1.amazonaws.com/common/design/icon/select-arrow-black.png|https://autobunny-docs.s3.ca-central-1.amazonaws.com/common/design/icon/search-icon-gray.png","ABS Brakes|AM/FM Stereo|CD Player|Entertainment System|Satellite Radio|Traction Control|Daytime Running Lights - Included|Automatic Headlights - Included|Hid Headlights - Not Available|Headlights-Auto-Leveling - Not Available|Night Vision - Not Available|Integrated Turn Signal Mirrors - Included|Auto-Dimming Rearview Mirror - Included|Smart Device Integration - Included|Apple Carplay - Included|Android Auto - Included|Wifi Hotspot - Included|Bluetooth Connection - Included|Power Outlet - Not Available|Wireless Charging - Not Available","KEY FEATURES : KEYLESS ENTRY | PUSH BUTTON START | PREMIUM WHEELS | REARVIEW CAMERA |&nbsp;
SUNROOF | REMOTE STARTER | LED HEADLIGHTS | PREMIUM LEATHER SEATS | POWER SEATS ADJUSTMENTS | LANE ASSIST |&nbsp;
LANE DEPARTURE WARNING | ADAPTIVE CRUISE CONTROL | BLUETOOTH | FRONT COLLISION WARNING |&nbsp;
STEERING WHEEL ASSIST | TOUCH DISPLAY SCREEN | BLINDSPOT DETECTION
WIRELESS APPLE CAR PLAY / ANDROID AUTO | HEATED SEATS | NAVIGATION | DRIVE MODES | DUAL CLIMATE CONTROL |
HEATED SEATS FOR REAR PASSENGERS | FRONT USB PORTS | HEATED STEERING WHEEL | MEMORY SEATS | VENTED SEATS | AMBIENT LIGHTS | FOG LAMPS | DIGITAL ODOMETER |&nbsp;","pending","2026-05-07T19:24:38.552Z"
"2021-Volkswagen-Jetta-Sedan-684834","Volkswagen","Jetta","2021","2000","1500","gasoline","automatic","sedan","color=&amp;engine=&amp;fuel_type=&amp;inventorySearchTxt=&amp;submit=&amp;compare=""> Value Deals",":","=""3VWE57BUXMM077619"" data-year=""2021""  data-make=""Volkswagen""  data-model=""Jetta""  data-trim=""Highline"">","https://autobunny-docs.s3.ca-central-1.amazonaws.com/1232/car/forsale/images/2026/04/pic-2699511a999886078af346661f22265f.jpg|https://autobunny-docs.s3.ca-central-1.amazonaws.com/1232/web-content/logo-icon.png|https://www.peelcarsales.com/images/logo.png|https://autobunny-docs.s3.ca-central-1.amazonaws.com/common/design/welcome/welcome-car-21.jpg|https://autobunny-docs.s3.ca-central-1.amazonaws.com/common/design/welcome/welcome-car-45.jpg|https://autobunny-docs.s3.ca-central-1.amazonaws.com/common/design/car/style/sedan.png|https://autobunny-docs.s3.ca-central-1.amazonaws.com/common/design/car/style/pickup.png|https://autobunny-docs.s3.ca-central-1.amazonaws.com/common/design/car/style/suv.png|https://autobunny-docs.s3.ca-central-1.amazonaws.com/common/design/car/style/van.png|https://autobunny-docs.s3.ca-central-1.amazonaws.com/common/design/welcome/welcome-car-23-1.jpg|https://autobunny-docs.s3.ca-central-1.amazonaws.com/common/design/icon/select-arrow-black.png|https://autobunny-docs.s3.ca-central-1.amazonaws.com/common/design/icon/search-icon-gray.png","ABS Brakes|AM/FM Stereo|CD Player|Entertainment System|Satellite Radio|Traction Control|Daytime Running Lights - Included|Automatic Headlights - Included|Hid Headlights - Not Available|Headlights-Auto-Leveling - Not Available|Night Vision - Not Available|Integrated Turn Signal Mirrors - Not Available|Auto-Dimming Rearview Mirror - Included|Smart Device Integration - Included|Apple Carplay - Included|Android Auto - Included|Wifi Hotspot - Not Available|Bluetooth Connection - Included|Power Outlet - Not Available|Wireless Charging - Not Available","New Arrival","pending","2026-05-07T19:24:43.980Z"
"2018-Ford-Mustang-Coupe-684831","Ford","Mustang","2018","2000","1500","gasoline","automatic","sedan","color=&amp;engine=&amp;fuel_type=&amp;inventorySearchTxt=&amp;submit=&amp;compare=""> Value Deals","Trim -inc: Simulated Carbon Fiber Instrument Panel Insert and Chrome Interior Accents","=""1FA6P8TH8J5157694"" data-year=""2018""  data-make=""Ford""  data-model=""Mustang""  data-trim=""EcoBoost | Coupe | Apple Carplay | Cruise Control"">","https://autobunny-docs.s3.ca-central-1.amazonaws.com/1232/car/forsale/images/2026/04/pic-bb4a7a088109f409b03c06dcd3b9d6b0.jpg|https://autobunny-docs.s3.ca-central-1.amazonaws.com/1232/web-content/logo-icon.png|https://www.peelcarsales.com/images/logo.png|https://autobunny-docs.s3.ca-central-1.amazonaws.com/common/design/welcome/welcome-car-21.jpg|https://autobunny-docs.s3.ca-central-1.amazonaws.com/common/design/welcome/welcome-car-45.jpg|https://autobunny-docs.s3.ca-central-1.amazonaws.com/common/design/car/style/sedan.png|https://autobunny-docs.s3.ca-central-1.amazonaws.com/common/design/car/style/pickup.png|https://autobunny-docs.s3.ca-central-1.amazonaws.com/common/design/car/style/suv.png|https://autobunny-docs.s3.ca-central-1.amazonaws.com/common/design/car/style/van.png|https://autobunny-docs.s3.ca-central-1.amazonaws.com/common/design/welcome/welcome-car-23-1.jpg|https://autobunny-docs.s3.ca-central-1.amazonaws.com/common/design/icon/select-arrow-black.png|https://autobunny-docs.s3.ca-central-1.amazonaws.com/common/design/icon/search-icon-gray.png","ABS Brakes|Air Conditioning|AM/FM Stereo|Backup Camera|CD Player|Cruise Control|Cup Holder|Digital Clock|Driver Side Airbag|Entertainment System|Keyless Entry|Low Tire Pressure Warning|Passenger Airbag|Power Locks|Power Mirrors|Rear Window Defroster|Tinted Glass|Traction Control|Trip Odometer|Body-Colored Door Handles","New Arrival","pending","2026-05-07T19:24:49.776Z"
"2021-Toyota-RAV4-Hybrid-SUV-684829","Toyota","RAV4 Hybrid","2021","30991","1500","gasoline","automatic","sedan","color=&amp;engine=&amp;fuel_type=&amp;inventorySearchTxt=&amp;submit=&amp;compare=""> Value Deals","Trim -inc: Metal-Look Instrument Panel Insert, Metal-Look Door Panel Insert, Metal-Look Console Insert and Metal-Look Interior Accents","=""2T3BWRFV9MW120587"" data-year=""2021""  data-make=""Toyota""  data-model=""RAV4 Hybrid""  data-trim=""LE, Heated Seats, Cruise Control, Apple Carplay"">","https://autobunny-docs.s3.ca-central-1.amazonaws.com/1232/car/forsale/images/2026/04/pic-c1cee0202f6e6c4d911b6b80a43737ff.jpg|https://autobunny-docs.s3.ca-central-1.amazonaws.com/1232/web-content/logo-icon.png|https://www.peelcarsales.com/images/logo.png|https://autobunny-docs.s3.ca-central-1.amazonaws.com/common/design/welcome/welcome-car-21.jpg|https://autobunny-docs.s3.ca-central-1.amazonaws.com/common/design/welcome/welcome-car-45.jpg|https://autobunny-docs.s3.ca-central-1.amazonaws.com/common/design/car/style/sedan.png|https://autobunny-docs.s3.ca-central-1.amazonaws.com/common/design/car/style/pickup.png|https://autobunny-docs.s3.ca-central-1.amazonaws.com/common/design/car/style/suv.png|https://autobunny-docs.s3.ca-central-1.amazonaws.com/common/design/car/style/van.png|https://autobunny-docs.s3.ca-central-1.amazonaws.com/common/design/welcome/welcome-car-23-1.jpg|https://autobunny-docs.s3.ca-central-1.amazonaws.com/common/design/icon/select-arrow-black.png|https://autobunny-docs.s3.ca-central-1.amazonaws.com/common/design/icon/search-icon-gray.png","ABS Brakes|Air Conditioning|Alloy Wheels|AM/FM Stereo|Backup Camera|Bluetooth|CD Player|Cruise Control|Cup Holder|Digital Clock|Driver Side Airbag|Entertainment System|Fog Lights|Heated Exterior Mirrors|Keyless Entry|Low Tire Pressure Warning|Passenger Airbag|Power Locks|Power Mirrors|Rear Window Defroster","New Arrival","pending","2026-05-07T19:24:55.228Z"
"2020-Volkswagen-Jetta-Sedan-684824","Volkswagen","Jetta","2020","20499","1500","gasoline","automatic","sedan","color=&amp;engine=&amp;fuel_type=&amp;inventorySearchTxt=&amp;submit=&amp;compare=""> Value Deals",":","=""3VWEB7BU5LM041621"" data-year=""2020""  data-make=""Volkswagen""  data-model=""Jetta""  data-trim=""Highline, Panoramic Sunroof, Heated Seats, Keyless Entry"">","https://autobunny-docs.s3.ca-central-1.amazonaws.com/1232/car/forsale/images/2026/04/pic-a393c23e2fc98f111ca9eb123cc52279.jpg|https://autobunny-docs.s3.ca-central-1.amazonaws.com/1232/web-content/logo-icon.png|https://www.peelcarsales.com/images/logo.png|https://autobunny-docs.s3.ca-central-1.amazonaws.com/common/design/welcome/welcome-car-21.jpg|https://autobunny-docs.s3.ca-central-1.amazonaws.com/common/design/welcome/welcome-car-45.jpg|https://autobunny-docs.s3.ca-central-1.amazonaws.com/common/design/car/style/sedan.png|https://autobunny-docs.s3.ca-central-1.amazonaws.com/common/design/car/style/pickup.png|https://autobunny-docs.s3.ca-central-1.amazonaws.com/common/design/car/style/suv.png|https://autobunny-docs.s3.ca-central-1.amazonaws.com/common/design/car/style/van.png|https://autobunny-docs.s3.ca-central-1.amazonaws.com/common/design/welcome/welcome-car-23-1.jpg|https://autobunny-docs.s3.ca-central-1.amazonaws.com/common/design/icon/select-arrow-black.png|https://autobunny-docs.s3.ca-central-1.amazonaws.com/common/design/icon/search-icon-gray.png","ABS Brakes|AM/FM Stereo|CD Player|Entertainment System|Satellite Radio|Traction Control|Daytime Running Lights - Included|Automatic Headlights - Included|Hid Headlights - Not Available|Headlights-Auto-Leveling - Not Available|Night Vision - Not Available|Integrated Turn Signal Mirrors - Not Available|Auto-Dimming Rearview Mirror - Included|Smart Device Integration - Included|Apple Carplay - Included|Android Auto - Included|Wifi Hotspot - Not Available|Bluetooth Connection - Included|Power Outlet - Not Available|Wireless Charging - Not Available","New Arrival","pending","2026-05-07T19:25:00.644Z"
"2021-Toyota-Corolla-Sedan-684818","Toyota","Corolla","2021","22791","1500","gasoline","automatic","sedan","color=&amp;engine=&amp;fuel_type=&amp;inventorySearchTxt=&amp;submit=&amp;compare=""> Value Deals","Trim -inc: Metal-Look/Piano Black Instrument Panel Insert, Metal-Look/Piano Black Console Insert, Metal-Look Interior Accents and Leatherette Upholstered Dashboard","=""5YFBPMBE4MP148877"" data-year=""2021""  data-make=""Toyota""  data-model=""Corolla""  data-trim=""SE | Apple Carplay  | Heated Seats | Cruise Control"">","https://autobunny-docs.s3.ca-central-1.amazonaws.com/1232/car/forsale/images/2026/04/pic-669e1095fb9ea8952fa9f695af08b928.jpg|https://autobunny-docs.s3.ca-central-1.amazonaws.com/1232/web-content/logo-icon.png|https://www.peelcarsales.com/images/logo.png|https://autobunny-docs.s3.ca-central-1.amazonaws.com/common/design/welcome/welcome-car-21.jpg|https://autobunny-docs.s3.ca-central-1.amazonaws.com/common/design/welcome/welcome-car-45.jpg|https://autobunny-docs.s3.ca-central-1.amazonaws.com/common/design/car/style/sedan.png|https://autobunny-docs.s3.ca-central-1.amazonaws.com/common/design/car/style/pickup.png|https://autobunny-docs.s3.ca-central-1.amazonaws.com/common/design/car/style/suv.png|https://autobunny-docs.s3.ca-central-1.amazonaws.com/common/design/car/style/van.png|https://autobunny-docs.s3.ca-central-1.amazonaws.com/common/design/welcome/welcome-car-23-1.jpg|https://autobunny-docs.s3.ca-central-1.amazonaws.com/common/design/icon/select-arrow-black.png|https://autobunny-docs.s3.ca-central-1.amazonaws.com/common/design/icon/search-icon-gray.png","ABS Brakes|Air Conditioning|Alloy Wheels|AM/FM Stereo|Backup Camera|Bluetooth|CD Player|Cruise Control|Cup Holder|Digital Clock|Driver Side Airbag|Entertainment System|Heated Exterior Mirrors|Keyless Entry|Low Tire Pressure Warning|Passenger Airbag|Power Locks|Power Mirrors|Rear Window Defroster|Tinted Glass","New Arrival","pending","2026-05-07T19:25:06.251Z"
"2020-Volkswagen-Jetta-Sedan-684618","Volkswagen","Jetta","2020","21991","1500","gasoline","automatic","sedan","color=&amp;engine=&amp;fuel_type=&amp;inventorySearchTxt=&amp;submit=&amp;compare=""> Value Deals",":","=""3VWCB7BU5LM007346"" data-year=""2020""  data-make=""Volkswagen""  data-model=""Jetta""  data-trim=""Comfortline Automatic"">","https://autobunny-docs.s3.ca-central-1.amazonaws.com/1232/car/forsale/images/2026/04/pic-3d08bcb7212a6bf64226774924b06087.jpg|https://autobunny-docs.s3.ca-central-1.amazonaws.com/1232/web-content/logo-icon.png|https://www.peelcarsales.com/images/logo.png|https://autobunny-docs.s3.ca-central-1.amazonaws.com/common/design/welcome/welcome-car-21.jpg|https://autobunny-docs.s3.ca-central-1.amazonaws.com/common/design/welcome/welcome-car-45.jpg|https://autobunny-docs.s3.ca-central-1.amazonaws.com/common/design/car/style/sedan.png|https://autobunny-docs.s3.ca-central-1.amazonaws.com/common/design/car/style/pickup.png|https://autobunny-docs.s3.ca-central-1.amazonaws.com/common/design/car/style/suv.png|https://autobunny-docs.s3.ca-central-1.amazonaws.com/common/design/car/style/van.png|https://autobunny-docs.s3.ca-central-1.amazonaws.com/common/design/welcome/welcome-car-23-1.jpg|https://autobunny-docs.s3.ca-central-1.amazonaws.com/common/design/icon/select-arrow-black.png|https://autobunny-docs.s3.ca-central-1.amazonaws.com/common/design/icon/search-icon-gray.png","ABS Brakes|AM/FM Stereo|CD Player|Entertainment System|Satellite Radio|Traction Control|Daytime Running Lights - Included|Automatic Headlights - Included|Hid Headlights - Not Available|Headlights-Auto-Leveling - Not Available|Night Vision - Not Available|Integrated Turn Signal Mirrors - Not Available|Auto-Dimming Rearview Mirror - Not Available|Smart Device Integration - Included|Apple Carplay - Included|Android Auto - Included|Wifi Hotspot - Not Available|Bluetooth Connection - Included|Power Outlet - Not Available|Wireless Charging - Not Available","New Arrival","pending","2026-05-07T19:25:11.670Z"
"2026-Toyota-RAV4-SUV-684616","Toyota","RAV4","2026","64991","1500","gasoline","automatic","sedan","color=&amp;engine=&amp;fuel_type=&amp;inventorySearchTxt=&amp;submit=&amp;compare=""> Value Deals",":","=""2T36CRAV2TW004518"" data-year=""2026""  data-make=""Toyota""  data-model=""RAV4""  data-trim=""XSE All-wheel Drive"">","https://autobunny-docs.s3.ca-central-1.amazonaws.com/1232/car/forsale/images/2026/04/pic-05bbc0a74757dd78a2c1e682ea6efa0b.jpg|https://autobunny-docs.s3.ca-central-1.amazonaws.com/1232/web-content/logo-icon.png|https://www.peelcarsales.com/images/logo.png|https://autobunny-docs.s3.ca-central-1.amazonaws.com/common/design/welcome/welcome-car-21.jpg|https://autobunny-docs.s3.ca-central-1.amazonaws.com/common/design/welcome/welcome-car-45.jpg|https://autobunny-docs.s3.ca-central-1.amazonaws.com/common/design/car/style/sedan.png|https://autobunny-docs.s3.ca-central-1.amazonaws.com/common/design/car/style/pickup.png|https://autobunny-docs.s3.ca-central-1.amazonaws.com/common/design/car/style/suv.png|https://autobunny-docs.s3.ca-central-1.amazonaws.com/common/design/car/style/van.png|https://autobunny-docs.s3.ca-central-1.amazonaws.com/common/design/welcome/welcome-car-23-1.jpg|https://autobunny-docs.s3.ca-central-1.amazonaws.com/common/design/icon/select-arrow-black.png|https://autobunny-docs.s3.ca-central-1.amazonaws.com/common/design/icon/search-icon-gray.png","ABS Brakes|AM/FM Stereo|CD Player|Entertainment System|Satellite Radio|Traction Control|Daytime Running Lights - Included|Automatic Headlights - Included|Hid Headlights - Not Available|Headlights-Auto-Leveling - Not Available|Night Vision - Not Available|Integrated Turn Signal Mirrors - Included|Auto-Dimming Rearview Mirror - Included|Smart Device Integration - Included|Apple Carplay - Included|Android Auto - Included|Wifi Hotspot - Included|Bluetooth Connection - Included|Power Outlet - Not Available|Wireless Charging - Not Available","New Arrival","pending","2026-05-07T19:25:17.263Z"
"2024-Hyundai-Elantra-Sedan-684614","Hyundai","Elantra","2024","21999","1500","gasoline","automatic","sedan","color=&amp;engine=&amp;fuel_type=&amp;inventorySearchTxt=&amp;submit=&amp;compare=""> Value Deals",":","=""KMHLM4DG4RU845712"" data-year=""2024""  data-make=""Hyundai""  data-model=""Elantra""  data-trim=""Essential,"">","https://autobunny-docs.s3.ca-central-1.amazonaws.com/1232/car/forsale/images/2026/04/pic-d24023e30aef9191efc6814d769fd747.jpg|https://autobunny-docs.s3.ca-central-1.amazonaws.com/1232/web-content/logo-icon.png|https://www.peelcarsales.com/images/logo.png|https://autobunny-docs.s3.ca-central-1.amazonaws.com/common/design/welcome/welcome-car-21.jpg|https://autobunny-docs.s3.ca-central-1.amazonaws.com/common/design/welcome/welcome-car-45.jpg|https://autobunny-docs.s3.ca-central-1.amazonaws.com/common/design/car/style/sedan.png|https://autobunny-docs.s3.ca-central-1.amazonaws.com/common/design/car/style/pickup.png|https://autobunny-docs.s3.ca-central-1.amazonaws.com/common/design/car/style/suv.png|https://autobunny-docs.s3.ca-central-1.amazonaws.com/common/design/car/style/van.png|https://autobunny-docs.s3.ca-central-1.amazonaws.com/common/design/welcome/welcome-car-23-1.jpg|https://autobunny-docs.s3.ca-central-1.amazonaws.com/common/design/icon/select-arrow-black.png|https://autobunny-docs.s3.ca-central-1.amazonaws.com/common/design/icon/search-icon-gray.png","ABS Brakes|AM/FM Stereo|CD Player|Entertainment System|Satellite Radio|Traction Control|Daytime Running Lights - Included|Automatic Headlights - Included|Hid Headlights - Not Available|Headlights-Auto-Leveling - Not Available|Night Vision - Not Available|Integrated Turn Signal Mirrors - Not Available|Auto-Dimming Rearview Mirror - Not Available|Smart Device Integration - Included|Apple Carplay - Included|Android Auto - Included|Wifi Hotspot - Not Available|Bluetooth Connection - Included|Power Outlet - Not Available|Wireless Charging - Not Available","New Arrival","pending","2026-05-07T19:25:22.716Z"
"2022-Tesla-Model-Y-SUV-684527","Tesla","Model Y","2022","37491","1500","gasoline","automatic","sedan","color=&amp;engine=&amp;fuel_type=&amp;inventorySearchTxt=&amp;submit=&amp;compare=""> Value Deals","-inc: power adjustable heated front seats, heated rear seats and custom driver profiles, 2nd row w/adjustable seatbacks, fold-flat 2nd row for maximum cargo storage and electronic fold-flat releases in trunk","=""7SAYGDEE8NF370490"" data-year=""2022""  data-make=""Tesla""  data-model=""Model Y""  data-trim=""Long Range"">","https://autobunny-docs.s3.ca-central-1.amazonaws.com/1232/car/forsale/images/2026/04/pic-f5ac4a32b1614851178e33bde75c25d5.jpg|https://autobunny-docs.s3.ca-central-1.amazonaws.com/1232/web-content/logo-icon.png|https://www.peelcarsales.com/images/logo.png|https://autobunny-docs.s3.ca-central-1.amazonaws.com/common/design/welcome/welcome-car-21.jpg|https://autobunny-docs.s3.ca-central-1.amazonaws.com/common/design/welcome/welcome-car-45.jpg|https://autobunny-docs.s3.ca-central-1.amazonaws.com/common/design/car/style/sedan.png|https://autobunny-docs.s3.ca-central-1.amazonaws.com/common/design/car/style/pickup.png|https://autobunny-docs.s3.ca-central-1.amazonaws.com/common/design/car/style/suv.png|https://autobunny-docs.s3.ca-central-1.amazonaws.com/common/design/car/style/van.png|https://autobunny-docs.s3.ca-central-1.amazonaws.com/common/design/welcome/welcome-car-23-1.jpg|https://autobunny-docs.s3.ca-central-1.amazonaws.com/common/design/icon/select-arrow-black.png|https://autobunny-docs.s3.ca-central-1.amazonaws.com/common/design/icon/search-icon-gray.png","ABS Brakes|Air Conditioning|AM/FM Stereo|Auto Dimming Mirrors|Backup Camera|Bluetooth|CD Player|Cruise Control|Cup Holder|Digital Clock|Driver Side Airbag|Entertainment System|Fog Lights|Heated Exterior Mirrors|Keyless Entry|Low Tire Pressure Warning|Passenger Airbag|Power Locks|Power Mirrors|Rear Window Defroster","","pending","2026-05-07T19:25:28.286Z"
"2026-Toyota-Corolla-Hybrid-Sedan-684462","Toyota","Corolla Hybrid","2026","2000","1500","gasoline","automatic","sedan","color=&amp;engine=&amp;fuel_type=&amp;inventorySearchTxt=&amp;submit=&amp;compare=""> Value Deals",":","=""JTDBDMHEXT3027147"" data-year=""2026""  data-make=""Toyota""  data-model=""Corolla Hybrid""  data-trim=""LE AWD"">","https://autobunny-docs.s3.ca-central-1.amazonaws.com/1232/car/forsale/images/2026/04/pic-2d14565d6c56cb9cd47882c7301c9a39.jpg|https://autobunny-docs.s3.ca-central-1.amazonaws.com/1232/web-content/logo-icon.png|https://www.peelcarsales.com/images/logo.png|https://autobunny-docs.s3.ca-central-1.amazonaws.com/common/design/welcome/welcome-car-21.jpg|https://autobunny-docs.s3.ca-central-1.amazonaws.com/common/design/welcome/welcome-car-45.jpg|https://autobunny-docs.s3.ca-central-1.amazonaws.com/common/design/car/style/sedan.png|https://autobunny-docs.s3.ca-central-1.amazonaws.com/common/design/car/style/pickup.png|https://autobunny-docs.s3.ca-central-1.amazonaws.com/common/design/car/style/suv.png|https://autobunny-docs.s3.ca-central-1.amazonaws.com/common/design/car/style/van.png|https://autobunny-docs.s3.ca-central-1.amazonaws.com/common/design/welcome/welcome-car-23-1.jpg|https://autobunny-docs.s3.ca-central-1.amazonaws.com/common/design/icon/select-arrow-black.png|https://autobunny-docs.s3.ca-central-1.amazonaws.com/common/design/icon/search-icon-gray.png","ABS Brakes|AM/FM Stereo|CD Player|Entertainment System|Satellite Radio|Traction Control|Daytime Running Lights - Included|Automatic Headlights - Included|Hid Headlights - Not Available|Headlights-Auto-Leveling - Not Available|Night Vision - Not Available|Integrated Turn Signal Mirrors - Not Available|Auto-Dimming Rearview Mirror - Not Available|Smart Device Integration - Included|Apple Carplay - Included|Android Auto - Included|Wifi Hotspot - Not Available|Bluetooth Connection - Included|Power Outlet - Not Available|Wireless Charging - Not Available","IN TRADE","pending","2026-05-07T19:25:33.729Z"
"2022-Toyota-Prius-Hatchback-684304","Toyota","Prius","2022","2000","1500","gasoline","automatic","sedan","color=&amp;engine=&amp;fuel_type=&amp;inventorySearchTxt=&amp;submit=&amp;compare=""> Value Deals",":","=""JTDL9MFU9N3032844"" data-year=""2022""  data-make=""Toyota""  data-model=""Prius""  data-trim=""Technology"">","https://autobunny-docs.s3.ca-central-1.amazonaws.com/1232/car/forsale/images/2026/04/pic-d923ee1baf1edd7e6728de9f7153893b.jpg|https://autobunny-docs.s3.ca-central-1.amazonaws.com/1232/web-content/logo-icon.png|https://www.peelcarsales.com/images/logo.png|https://autobunny-docs.s3.ca-central-1.amazonaws.com/common/design/welcome/welcome-car-21.jpg|https://autobunny-docs.s3.ca-central-1.amazonaws.com/common/design/welcome/welcome-car-45.jpg|https://autobunny-docs.s3.ca-central-1.amazonaws.com/common/design/car/style/sedan.png|https://autobunny-docs.s3.ca-central-1.amazonaws.com/common/design/car/style/pickup.png|https://autobunny-docs.s3.ca-central-1.amazonaws.com/common/design/car/style/suv.png|https://autobunny-docs.s3.ca-central-1.amazonaws.com/common/design/car/style/van.png|https://autobunny-docs.s3.ca-central-1.amazonaws.com/common/design/welcome/welcome-car-23-1.jpg|https://autobunny-docs.s3.ca-central-1.amazonaws.com/common/design/icon/select-arrow-black.png|https://autobunny-docs.s3.ca-central-1.amazonaws.com/common/design/icon/search-icon-gray.png","ABS Brakes|AM/FM Stereo|CD Player|Entertainment System|Satellite Radio|Traction Control|Daytime Running Lights - Included|Automatic Headlights - Included|Hid Headlights - Not Available|Headlights-Auto-Leveling - Not Available|Night Vision - Not Available|Integrated Turn Signal Mirrors - Not Available|Auto-Dimming Rearview Mirror - Included|Smart Device Integration - Included|Apple Carplay - Included|Android Auto - Included|Wifi Hotspot - Not Available|Bluetooth Connection - Included|Power Outlet - Not Available|Wireless Charging - Not Available","IN TRADE","pending","2026-05-07T19:25:39.191Z"
"2020-Toyota-Corolla-Sedan-683527","Toyota","Corolla","2020","2000","1500","gasoline","automatic","sedan","color=&amp;engine=&amp;fuel_type=&amp;inventorySearchTxt=&amp;submit=&amp;compare=""> Value Deals","Trim -inc: Piano Black Instrument Panel Insert, Metal-Look Console Insert and Metal-Look Interior Accents","=""5YFBPRBE5LP024290"" data-year=""2020""  data-make=""Toyota""  data-model=""Corolla""  data-trim=""LE"">","https://autobunny-docs.s3.ca-central-1.amazonaws.com/1232/car/forsale/images/2026/04/pic-269477c447ca10abfea8c1b54307e6b1.jpg|https://autobunny-docs.s3.ca-central-1.amazonaws.com/1232/web-content/logo-icon.png|https://www.peelcarsales.com/images/logo.png|https://autobunny-docs.s3.ca-central-1.amazonaws.com/common/design/welcome/welcome-car-21.jpg|https://autobunny-docs.s3.ca-central-1.amazonaws.com/common/design/welcome/welcome-car-45.jpg|https://autobunny-docs.s3.ca-central-1.amazonaws.com/common/design/car/style/sedan.png|https://autobunny-docs.s3.ca-central-1.amazonaws.com/common/design/car/style/pickup.png|https://autobunny-docs.s3.ca-central-1.amazonaws.com/common/design/car/style/suv.png|https://autobunny-docs.s3.ca-central-1.amazonaws.com/common/design/car/style/van.png|https://autobunny-docs.s3.ca-central-1.amazonaws.com/common/design/welcome/welcome-car-23-1.jpg|https://autobunny-docs.s3.ca-central-1.amazonaws.com/common/design/icon/select-arrow-black.png|https://autobunny-docs.s3.ca-central-1.amazonaws.com/common/design/icon/search-icon-gray.png","ABS Brakes|Air Conditioning|AM/FM Stereo|Backup Camera|Bluetooth|CD Player|Cruise Control|Cup Holder|Digital Clock|Driver Side Airbag|Entertainment System|Heated Exterior Mirrors|Keyless Entry|Low Tire Pressure Warning|Passenger Airbag|Power Locks|Power Mirrors|Rear Window Defroster|Tinted Glass|Traction Control","","pending","2026-05-07T19:25:44.962Z"
"2025-Volkswagen-Jetta-Sedan-683525","Volkswagen","Jetta","2025","23991","1500","gasoline","automatic","sedan","color=&amp;engine=&amp;fuel_type=&amp;inventorySearchTxt=&amp;submit=&amp;compare=""> Value Deals",":","=""3VWEX7BU5SM094013"" data-year=""2025""  data-make=""Volkswagen""  data-model=""Jetta""  data-trim=""Comfortline"">","https://autobunny-docs.s3.ca-central-1.amazonaws.com/1232/car/forsale/images/2026/04/pic-7bb435c507bea389f86921e58a7ca620.jpg|https://autobunny-docs.s3.ca-central-1.amazonaws.com/1232/web-content/logo-icon.png|https://www.peelcarsales.com/images/logo.png|https://autobunny-docs.s3.ca-central-1.amazonaws.com/common/design/welcome/welcome-car-21.jpg|https://autobunny-docs.s3.ca-central-1.amazonaws.com/common/design/welcome/welcome-car-45.jpg|https://autobunny-docs.s3.ca-central-1.amazonaws.com/common/design/car/style/sedan.png|https://autobunny-docs.s3.ca-central-1.amazonaws.com/common/design/car/style/pickup.png|https://autobunny-docs.s3.ca-central-1.amazonaws.com/common/design/car/style/suv.png|https://autobunny-docs.s3.ca-central-1.amazonaws.com/common/design/car/style/van.png|https://autobunny-docs.s3.ca-central-1.amazonaws.com/common/design/welcome/welcome-car-23-1.jpg|https://autobunny-docs.s3.ca-central-1.amazonaws.com/common/design/icon/select-arrow-black.png|https://autobunny-docs.s3.ca-central-1.amazonaws.com/common/design/icon/search-icon-gray.png","ABS Brakes|AM/FM Stereo|CD Player|Entertainment System|Satellite Radio|Traction Control|Daytime Running Lights - Included|Automatic Headlights - Included|Hid Headlights - Not Available|Headlights-Auto-Leveling - Not Available|Night Vision - Not Available|Integrated Turn Signal Mirrors - Not Available|Auto-Dimming Rearview Mirror - Included|Smart Device Integration - Included|Apple Carplay - Included|Android Auto - Included|Wifi Hotspot - Included|Bluetooth Connection - Included|Power Outlet - Not Available|Wireless Charging - Included","","pending","2026-05-07T19:25:50.421Z"
"2025-Nissan-Rogue-SUV-683041","Nissan","Rogue","2025","35999","1500","gasoline","automatic","sedan","color=&amp;engine=&amp;fuel_type=&amp;inventorySearchTxt=&amp;submit=&amp;compare=""> Value Deals","Lighting","=""JN8BT3BB1SW420208"" data-year=""2025""  data-make=""Nissan""  data-model=""Rogue""  data-trim=""SV, Adaptive Cruise Control, Leather Seats, Midnight Edition AWD"">","https://autobunny-docs.s3.ca-central-1.amazonaws.com/1232/car/forsale/images/2026/05/pic-2e848bd72e00b748449f824f8697dedd.jpg|https://autobunny-docs.s3.ca-central-1.amazonaws.com/1232/web-content/logo-icon.png|https://www.peelcarsales.com/images/logo.png|https://autobunny-docs.s3.ca-central-1.amazonaws.com/common/design/welcome/welcome-car-21.jpg|https://autobunny-docs.s3.ca-central-1.amazonaws.com/common/design/welcome/welcome-car-45.jpg|https://autobunny-docs.s3.ca-central-1.amazonaws.com/common/design/car/style/sedan.png|https://autobunny-docs.s3.ca-central-1.amazonaws.com/common/design/car/style/pickup.png|https://autobunny-docs.s3.ca-central-1.amazonaws.com/common/design/car/style/suv.png|https://autobunny-docs.s3.ca-central-1.amazonaws.com/common/design/car/style/van.png|https://autobunny-docs.s3.ca-central-1.amazonaws.com/common/design/welcome/welcome-car-23-1.jpg|https://autobunny-docs.s3.ca-central-1.amazonaws.com/common/design/icon/select-arrow-black.png|https://autobunny-docs.s3.ca-central-1.amazonaws.com/common/design/icon/search-icon-gray.png","ABS Brakes|Air Conditioning|Alloy Wheels|AM/FM Stereo|Backup Camera|Bluetooth|CD Player|Cruise Control|Cup Holder|Digital Clock|Driver Side Airbag|Entertainment System|Heated Exterior Mirrors|Keyless Entry|Low Tire Pressure Warning|Passenger Airbag|Power Locks|Power Mirrors|Power-Assist Disc Brakes|Rear Window Defroster","Key Features:
ALLOY WHEELS, KEYLESS ENTRY, POWER ADJUSTABLE SEATS, HEATED STEERING WHEEL, HEATED SEATS, LUMBER SUPPORT, APPLE CAPLAY N ANDROID AUTO, REAR VIEW CAMERA WITH PARKING AIDS, DUAL ZONE CLIMATE CONTROL, LEATHER SEATS, PANORAMIC ROOF, REAR AC VENTS, PADDLE SHIFTER, ADAPTIVE CRUISE CONTROL, PUSH START, AUTO HOLD, C TYPE PORT, DIFFERENT MODE OF DRIVE, TRACTION CONTROL, REMOTE START AND MUCH MORE","pending","2026-05-07T19:25:55.873Z"
"2023-Mazda-MAZDA3-Sedan-683034","Mazda","MAZDA3","2023","23499","1500","gasoline","automatic","sedan","color=&amp;engine=&amp;fuel_type=&amp;inventorySearchTxt=&amp;submit=&amp;compare=""> Value Deals",":","=""3MZBPAB74PM365306"" data-year=""2023""  data-make=""Mazda""  data-model=""MAZDA3""  data-trim=""GX | Apple Carplay | Cruise Control"">","https://autobunny-docs.s3.ca-central-1.amazonaws.com/1232/car/forsale/images/2026/05/pic-319aa33b7297978f0bc7736bcb3c935f.jpg|https://autobunny-docs.s3.ca-central-1.amazonaws.com/1232/web-content/logo-icon.png|https://www.peelcarsales.com/images/logo.png|https://autobunny-docs.s3.ca-central-1.amazonaws.com/common/design/welcome/welcome-car-21.jpg|https://autobunny-docs.s3.ca-central-1.amazonaws.com/common/design/welcome/welcome-car-45.jpg|https://autobunny-docs.s3.ca-central-1.amazonaws.com/common/design/car/style/sedan.png|https://autobunny-docs.s3.ca-central-1.amazonaws.com/common/design/car/style/pickup.png|https://autobunny-docs.s3.ca-central-1.amazonaws.com/common/design/car/style/suv.png|https://autobunny-docs.s3.ca-central-1.amazonaws.com/common/design/car/style/van.png|https://autobunny-docs.s3.ca-central-1.amazonaws.com/common/design/welcome/welcome-car-23-1.jpg|https://autobunny-docs.s3.ca-central-1.amazonaws.com/common/design/icon/select-arrow-black.png|https://autobunny-docs.s3.ca-central-1.amazonaws.com/common/design/icon/search-icon-gray.png","ABS Brakes|AM/FM Stereo|CD Player|Entertainment System|Satellite Radio|Traction Control|Daytime Running Lights - Included|Automatic Headlights - Included|Hid Headlights - Not Available|Headlights-Auto-Leveling - Not Available|Night Vision - Not Available|Integrated Turn Signal Mirrors - Included|Auto-Dimming Rearview Mirror - Not Available|Smart Device Integration - Included|Apple Carplay - Included|Android Auto - Included|Wifi Hotspot - Not Available|Bluetooth Connection - Included|Power Outlet - Not Available|Wireless Charging - Not Available","KEY FEATURES : CLEAN CARFAX | KEYLESS ENTRY | PUSH BUTTON START | REARVIEW CAMERA | LED HEADLIGHTS | PREMIUM FABRIC SEATS |&nbsp;CRUISE CONTROL | BLUETOOTH | STEERING WHEEL ASSIST | BLINDSPOT DETECTION | APPLE CAR PLAY / ANDROID AUTO | HEATED SEATS | NAVIGATION&nbsp;| DRIVE MODES | DUAL CLIMATE CONTROL | FRONT USB PORTS | HEATED STEERING WHEEL | MEMORY SEATS | AWD&nbsp;","pending","2026-05-07T19:26:01.326Z"
"2023-Mazda-CX-5-SUV-683032","Mazda","CX-5","2023","30499","1500","gasoline","automatic","sedan","color=&amp;engine=&amp;fuel_type=&amp;inventorySearchTxt=&amp;submit=&amp;compare=""> Value Deals","Trim -inc: Metal-Look Instrument Panel Insert, Metal-Look Door Panel Insert and Metal-Look Interior Accents","=""JM3KFBDM0P0140342"" data-year=""2023""  data-make=""Mazda""  data-model=""CX-5""  data-trim=""2.5 S Premium Package All-Wheel Drive"">","https://autobunny-docs.s3.ca-central-1.amazonaws.com/1232/car/forsale/images/2026/04/pic-a553f592754d7677066fb0382bb36253.jpg|https://autobunny-docs.s3.ca-central-1.amazonaws.com/1232/web-content/logo-icon.png|https://www.peelcarsales.com/images/logo.png|https://autobunny-docs.s3.ca-central-1.amazonaws.com/common/design/welcome/welcome-car-21.jpg|https://autobunny-docs.s3.ca-central-1.amazonaws.com/common/design/welcome/welcome-car-45.jpg|https://autobunny-docs.s3.ca-central-1.amazonaws.com/common/design/car/style/sedan.png|https://autobunny-docs.s3.ca-central-1.amazonaws.com/common/design/car/style/pickup.png|https://autobunny-docs.s3.ca-central-1.amazonaws.com/common/design/car/style/suv.png|https://autobunny-docs.s3.ca-central-1.amazonaws.com/common/design/car/style/van.png|https://autobunny-docs.s3.ca-central-1.amazonaws.com/common/design/welcome/welcome-car-23-1.jpg|https://autobunny-docs.s3.ca-central-1.amazonaws.com/common/design/icon/select-arrow-black.png|https://autobunny-docs.s3.ca-central-1.amazonaws.com/common/design/icon/search-icon-gray.png","ABS Brakes|Air Conditioning|Alloy Wheels|AM/FM Stereo|Backup Camera|Bluetooth|CD Player|Cruise Control|Cup Holder|Digital Clock|Driver Side Airbag|Entertainment System|Heated Exterior Mirrors|Keyless Entry|Low Tire Pressure Warning|Memory Seat|Passenger Airbag|Power Locks|Power Mirrors|Rear Window Defroster","New Arrival","pending","2026-05-07T19:26:06.744Z"
"2022-Honda-Accord-Sedan-682478","Honda","Accord","2022","29991","1500","gasoline","automatic","sedan","color=&amp;engine=&amp;fuel_type=&amp;inventorySearchTxt=&amp;submit=&amp;compare=""> Value Deals",":","=""1HGCV1F34NA801040"" data-year=""2022""  data-make=""Honda""  data-model=""Accord""  data-trim=""Sport"">","https://autobunny-docs.s3.ca-central-1.amazonaws.com/1232/car/forsale/images/2026/04/pic-09183db377b83a386edc4543b4bf1f7d.jpg|https://autobunny-docs.s3.ca-central-1.amazonaws.com/1232/web-content/logo-icon.png|https://www.peelcarsales.com/images/logo.png|https://autobunny-docs.s3.ca-central-1.amazonaws.com/common/design/welcome/welcome-car-21.jpg|https://autobunny-docs.s3.ca-central-1.amazonaws.com/common/design/welcome/welcome-car-45.jpg|https://autobunny-docs.s3.ca-central-1.amazonaws.com/common/design/car/style/sedan.png|https://autobunny-docs.s3.ca-central-1.amazonaws.com/common/design/car/style/pickup.png|https://autobunny-docs.s3.ca-central-1.amazonaws.com/common/design/car/style/suv.png|https://autobunny-docs.s3.ca-central-1.amazonaws.com/common/design/car/style/van.png|https://autobunny-docs.s3.ca-central-1.amazonaws.com/common/design/welcome/welcome-car-23-1.jpg|https://autobunny-docs.s3.ca-central-1.amazonaws.com/common/design/icon/select-arrow-black.png|https://autobunny-docs.s3.ca-central-1.amazonaws.com/common/design/icon/search-icon-gray.png","ABS Brakes|AM/FM Stereo|CD Player|Entertainment System|Satellite Radio|Traction Control|Daytime Running Lights - Included|Automatic Headlights - Included|Hid Headlights - Not Available|Headlights-Auto-Leveling - Not Available|Night Vision - Not Available|Integrated Turn Signal Mirrors - Included|Auto-Dimming Rearview Mirror - Included|Smart Device Integration - Included|Apple Carplay - Included|Android Auto - Included|Wifi Hotspot - Not Available|Bluetooth Connection - Included|Power Outlet - Not Available|Wireless Charging - Not Available","","pending","2026-05-07T19:26:12.220Z"
"2022-Toyota-Corolla-Sedan-682476","Toyota","Corolla","2022","21891","1500","gasoline","automatic","sedan","color=&amp;engine=&amp;fuel_type=&amp;inventorySearchTxt=&amp;submit=&amp;compare=""> Value Deals","Trim -inc: Metal-Look/Piano Black Instrument Panel Insert, Metal-Look/Piano Black Console Insert and Metal-Look Interior Accents(Optional)","=""5YFBPMBE4NP350734"" data-year=""2022""  data-make=""Toyota""  data-model=""Corolla""  data-trim=""LE"">","https://autobunny-docs.s3.ca-central-1.amazonaws.com/1232/car/forsale/images/2026/04/pic-e77d1310c6678fe6a568f8979d968548.jpg|https://autobunny-docs.s3.ca-central-1.amazonaws.com/1232/web-content/logo-icon.png|https://www.peelcarsales.com/images/logo.png|https://autobunny-docs.s3.ca-central-1.amazonaws.com/common/design/welcome/welcome-car-21.jpg|https://autobunny-docs.s3.ca-central-1.amazonaws.com/common/design/welcome/welcome-car-45.jpg|https://autobunny-docs.s3.ca-central-1.amazonaws.com/common/design/car/style/sedan.png|https://autobunny-docs.s3.ca-central-1.amazonaws.com/common/design/car/style/pickup.png|https://autobunny-docs.s3.ca-central-1.amazonaws.com/common/design/car/style/suv.png|https://autobunny-docs.s3.ca-central-1.amazonaws.com/common/design/car/style/van.png|https://autobunny-docs.s3.ca-central-1.amazonaws.com/common/design/welcome/welcome-car-23-1.jpg|https://autobunny-docs.s3.ca-central-1.amazonaws.com/common/design/icon/select-arrow-black.png|https://autobunny-docs.s3.ca-central-1.amazonaws.com/common/design/icon/search-icon-gray.png","ABS Brakes|Air Conditioning|AM/FM Stereo|Backup Camera|Bluetooth|CD Player|Cruise Control|Cup Holder|Digital Clock|Driver Side Airbag|Entertainment System|Low Tire Pressure Warning|Passenger Airbag|Power Locks|Power Mirrors|Rear Window Defroster|Tinted Glass|Traction Control|Trip Odometer|Fully Galvanized Steel Panels(Optional)","IN TRADE","pending","2026-05-07T19:26:17.989Z"
"2020-Dodge-Charger-Sedan-682474","Dodge","Charger","2020","2000","1500","gasoline","automatic","sedan","color=&amp;engine=&amp;fuel_type=&amp;inventorySearchTxt=&amp;submit=&amp;compare=""> Value Deals","Trim -inc: Aluminum Instrument Panel Insert, Aluminum Console Insert and Metal-Look Interior Accents","=""2C3CDXJG1LH150645"" data-year=""2020""  data-make=""Dodge""  data-model=""Charger""  data-trim=""SXT"">","https://autobunny-docs.s3.ca-central-1.amazonaws.com/1232/car/forsale/images/2026/04/pic-912ad781fa84c55115133e323707c40c.jpg|https://autobunny-docs.s3.ca-central-1.amazonaws.com/1232/web-content/logo-icon.png|https://www.peelcarsales.com/images/logo.png|https://autobunny-docs.s3.ca-central-1.amazonaws.com/common/design/welcome/welcome-car-21.jpg|https://autobunny-docs.s3.ca-central-1.amazonaws.com/common/design/welcome/welcome-car-45.jpg|https://autobunny-docs.s3.ca-central-1.amazonaws.com/common/design/car/style/sedan.png|https://autobunny-docs.s3.ca-central-1.amazonaws.com/common/design/car/style/pickup.png|https://autobunny-docs.s3.ca-central-1.amazonaws.com/common/design/car/style/suv.png|https://autobunny-docs.s3.ca-central-1.amazonaws.com/common/design/car/style/van.png|https://autobunny-docs.s3.ca-central-1.amazonaws.com/common/design/welcome/welcome-car-23-1.jpg|https://autobunny-docs.s3.ca-central-1.amazonaws.com/common/design/icon/select-arrow-black.png|https://autobunny-docs.s3.ca-central-1.amazonaws.com/common/design/icon/search-icon-gray.png","ABS Brakes|Air Conditioning|AM/FM Stereo|Backup Camera|Bluetooth|CD Player|Cruise Control|Cup Holder|Digital Clock|Driver Side Airbag|Entertainment System|Fog Lights|Heated Exterior Mirrors|Keyless Entry|Low Tire Pressure Warning|Passenger Airbag|Power Locks|Power Mirrors|Rear Window Defroster|Satellite Radio","IN TRADE","pending","2026-05-07T19:26:23.418Z"
"2020-Cadillac-XT4-SUV-681918","Cadillac","XT4","2020","2000","1500","gasoline","automatic","sedan","color=&amp;engine=&amp;fuel_type=&amp;inventorySearchTxt=&amp;submit=&amp;compare=""> Value Deals","Protection Package","=""1GYFZDR42LF083729"" data-year=""2020""  data-make=""Cadillac""  data-model=""XT4""  data-trim=""Premium Luxury 4dr SUV AWD (2.0L 4cyl Turbo 9A)"">","https://autobunny-docs.s3.ca-central-1.amazonaws.com/1232/car/forsale/images/2026/05/pic-24bdcc30578e5da3550acdcdec440dc9.jpg|https://autobunny-docs.s3.ca-central-1.amazonaws.com/1232/web-content/logo-icon.png|https://www.peelcarsales.com/images/logo.png|https://autobunny-docs.s3.ca-central-1.amazonaws.com/common/design/welcome/welcome-car-21.jpg|https://autobunny-docs.s3.ca-central-1.amazonaws.com/common/design/welcome/welcome-car-45.jpg|https://autobunny-docs.s3.ca-central-1.amazonaws.com/common/design/car/style/sedan.png|https://autobunny-docs.s3.ca-central-1.amazonaws.com/common/design/car/style/pickup.png|https://autobunny-docs.s3.ca-central-1.amazonaws.com/common/design/car/style/suv.png|https://autobunny-docs.s3.ca-central-1.amazonaws.com/common/design/car/style/van.png|https://autobunny-docs.s3.ca-central-1.amazonaws.com/common/design/welcome/welcome-car-23-1.jpg|https://autobunny-docs.s3.ca-central-1.amazonaws.com/common/design/icon/select-arrow-black.png|https://autobunny-docs.s3.ca-central-1.amazonaws.com/common/design/icon/search-icon-gray.png","Alloy Wheels|Entertainment System|Navigation System|17"" Steel Spare Wheel|Neutral Density Tail Lamps|Radiant Package|Power Glass Dual Panel Sunroof|20"" Split 7-Spoke Polished Alloy Wheels|Front License Plate Bracket|Midnight Sport Package|Black Surround Grille W/Black Mesh|Black Molded Front/Rear Splash Guards|20"" Split 7-Spoke Alloy Wheels W/Midnight Metallic Finish|Galvano Surround Grille W/Galvano Finish|Bright Roof Rack Cross Rails|Wheel Locks|Horizontal Cargo Net|Powered Universal Tablet Holder|Stainless Steel Door Sill Plates|Universal Tablet Holder","Key Features:
ALLOY WHEELS, BLIND SPOT, KEYLESS ENTRY, POWER ADJUSTABLE SEATS, MEMORY SEATS, LUMBER SUPPORT, HEATED STEERING WHEELS, ADAPTIVE CRUISE CONTROL, PADDLE SHIFTER, PUSH START, CLIMATE CONTROL, COLLISION DETECTION, APPLE CARPLAY N ANDROID AUTO, REAR VIEW CAMERA WITH PARKING AIDS, TRACTION CONTROL, DIFFERENT MODE OF DRIVE, PANORAMIC ROOF, PREMIUM LEATHER SEATS, REAR AC VENTS, REMOTE START AND MANY MORE.","pending","2026-05-07T19:26:29.091Z"
"2018-Ford-F-150-Pickup-681499","Ford","F-150","2018","21600","1500","gasoline","automatic","sedan","color=&amp;engine=&amp;fuel_type=&amp;inventorySearchTxt=&amp;submit=&amp;compare=""> Value Deals","Trim -inc: Aluminum Instrument Panel Insert, Cabback Insulator, Genuine Wood/Metal-Look Door Panel Insert, Leather/Aluminum Console Insert and Chrome Interior Accents","=""1FTEW1E58JFA99874"" data-year=""2018""  data-make=""Ford""  data-model=""F-150""  data-trim=""XLT 4x2 SuperCab Styleside 6.5 ft. box 145 in. WB Automatic"">","https://autobunny-docs.s3.ca-central-1.amazonaws.com/1232/car/forsale/images/2026/04/pic-7b206538cf3a9a3b62515bd3086a4cc8.jpg|https://autobunny-docs.s3.ca-central-1.amazonaws.com/1232/web-content/logo-icon.png|https://www.peelcarsales.com/images/logo.png|https://autobunny-docs.s3.ca-central-1.amazonaws.com/common/design/welcome/welcome-car-21.jpg|https://autobunny-docs.s3.ca-central-1.amazonaws.com/common/design/welcome/welcome-car-45.jpg|https://autobunny-docs.s3.ca-central-1.amazonaws.com/common/design/car/style/sedan.png|https://autobunny-docs.s3.ca-central-1.amazonaws.com/common/design/car/style/pickup.png|https://autobunny-docs.s3.ca-central-1.amazonaws.com/common/design/car/style/suv.png|https://autobunny-docs.s3.ca-central-1.amazonaws.com/common/design/car/style/van.png|https://autobunny-docs.s3.ca-central-1.amazonaws.com/common/design/welcome/welcome-car-23-1.jpg|https://autobunny-docs.s3.ca-central-1.amazonaws.com/common/design/icon/select-arrow-black.png|https://autobunny-docs.s3.ca-central-1.amazonaws.com/common/design/icon/search-icon-gray.png","ABS Brakes|Air Conditioning|AM/FM Stereo|Auto Dimming Mirrors|Backup Camera|Bluetooth|CD Player|Cruise Control|Cup Holder|Digital Clock|Driver Side Airbag|Entertainment System|Fog Lights|Heated Exterior Mirrors|Keyless Entry|Low Tire Pressure Warning|Navigation System|Passenger Airbag|Power Locks|Power Mirrors","New Arrival","pending","2026-05-07T19:26:34.886Z"
"2021-Jeep-Grand-Cherokee-SUV-649223","Jeep","Grand Cherokee","2021","42491","1500","gasoline","automatic","sedan","color=&amp;engine=&amp;fuel_type=&amp;inventorySearchTxt=&amp;submit=&amp;compare=""> Value Deals",":","=""1C4RJKEG6M8103002"" data-year=""2021""  data-make=""Jeep""  data-model=""Grand Cherokee""  data-trim=""Summit L, 6 passenger, Massage Seats , Mcintosh audio,"">","https://autobunny-docs.s3.ca-central-1.amazonaws.com/1232/car/forsale/images/2025/11/2021_Jeep_Grand_Cherokee_pic-2b5a6a1b1e8d71805b3da89bbf9ea94a.jpg|https://autobunny-docs.s3.ca-central-1.amazonaws.com/1232/web-content/logo-icon.png|https://www.peelcarsales.com/images/logo.png|https://autobunny-docs.s3.ca-central-1.amazonaws.com/common/design/welcome/welcome-car-21.jpg|https://autobunny-docs.s3.ca-central-1.amazonaws.com/common/design/welcome/welcome-car-45.jpg|https://autobunny-docs.s3.ca-central-1.amazonaws.com/common/design/car/style/sedan.png|https://autobunny-docs.s3.ca-central-1.amazonaws.com/common/design/car/style/pickup.png|https://autobunny-docs.s3.ca-central-1.amazonaws.com/common/design/car/style/suv.png|https://autobunny-docs.s3.ca-central-1.amazonaws.com/common/design/car/style/van.png|https://autobunny-docs.s3.ca-central-1.amazonaws.com/common/design/welcome/welcome-car-23-1.jpg|https://autobunny-docs.s3.ca-central-1.amazonaws.com/common/design/icon/select-arrow-black.png|https://autobunny-docs.s3.ca-central-1.amazonaws.com/common/design/icon/search-icon-gray.png","","CLEAN CARFAX
KEY FEATURES: FOG LAMPS | PREMIUM ALLOY WHEELS | BLINDSPOT | CAPTAIN SEATS | LEATHER SEATS | FRONT MEMORY SEATS FOR DRIVER AND PASSENGER | POWER SEATS | FRONT MASSAGE SEATS | STEERING WHEEL ASSIST | PADDLE SHIFTERS | ADAPTIVE CRUISE CONTROL | PUSH BUTTON START | WIRELESS APPLE CARPLAY/ANDROID AUTO | NAVIGATION | WIRELESS CHARGER | 4X4
360 CAMERA | FRONT AND REAR USB PORTS | HEATED AND VENTED SEATS | REAR HEATED SEATS | DUAL CLIMATE CONTROL | DIFFERENT DRIVE MODES | PANORAMIC ROOF | REAR AC VENTS | REMOTE START | MCINTOSH AUDIO.
&nbsp;","pending","2026-05-07T19:26:40.349Z"
"2019-Ram-1500-Truck-649302","Ram","1500","2019","25491","1500","gasoline","automatic","sedan","color=&amp;engine=&amp;fuel_type=&amp;inventorySearchTxt=&amp;submit=&amp;compare=""> Value Deals",", this truck is perfect for all your adventures. Don't miss out on this stylish Dark Blue beauty with sleek Black interior. Contact us today for a test drive!","=""1C6RRFFGXKN874647"" data-year=""2019""  data-make=""Ram""  data-model=""1500""  data-trim=""Big Horn Crew Cab, Towing Package, Remote starter."">","https://autobunny-docs.s3.ca-central-1.amazonaws.com/1232/car/forsale/images/2025/11/2019_Ram_1500_pic-f4e2a96a774af167e04c8fb8ea774398.jpg|https://autobunny-docs.s3.ca-central-1.amazonaws.com/1232/web-content/logo-icon.png|https://www.peelcarsales.com/images/logo.png|https://autobunny-docs.s3.ca-central-1.amazonaws.com/common/design/welcome/welcome-car-21.jpg|https://autobunny-docs.s3.ca-central-1.amazonaws.com/common/design/welcome/welcome-car-45.jpg|https://autobunny-docs.s3.ca-central-1.amazonaws.com/common/design/car/style/sedan.png|https://autobunny-docs.s3.ca-central-1.amazonaws.com/common/design/car/style/pickup.png|https://autobunny-docs.s3.ca-central-1.amazonaws.com/common/design/car/style/suv.png|https://autobunny-docs.s3.ca-central-1.amazonaws.com/common/design/car/style/van.png|https://autobunny-docs.s3.ca-central-1.amazonaws.com/common/design/welcome/welcome-car-23-1.jpg|https://autobunny-docs.s3.ca-central-1.amazonaws.com/common/design/icon/select-arrow-black.png|https://autobunny-docs.s3.ca-central-1.amazonaws.com/common/design/icon/search-icon-gray.png","","Check out this reliable 2019 Ram 1500 Big Horn Crew Cab! With its powerful 6 Cylinder engine, 4X4 drive, and spacious interior, this truck is perfect for all your adventures. Don't miss out on this stylish Dark Blue beauty with sleek Black interior. Contact us today for a test drive!
KEY FEATURES: FRONT AND REAR PARKING SENSORS, TOWING PACKAGE, REARVIEW CAMERA WITH PARKING AID,
AUTO MIRRORS DIMMER, BUILT IN BLIDSPOT MIRROR, POWER SEATS ADJUSTMENT, POWER GAS PEDAL ADJUSTER, CRUISE CONTROL, HEATED SEATS, HEATED STEERING WHEEL, BLUETOOTH, APPLE CARPLAY ,
REMOTE STARTER, DUAL CLIMATE CONTROL, DRIVE MODES AND MORE
&nbsp;","pending","2026-05-07T19:26:45.814Z"
"2021-Audi-Q3-SUV-649278","Audi","Q3","2021","2000","1500","gasoline","automatic","sedan","color=&amp;engine=&amp;fuel_type=&amp;inventorySearchTxt=&amp;submit=&amp;compare=""> Value Deals",":","=""WA1EECF32M1062942"" data-year=""2021""  data-make=""Audi""  data-model=""Q3""  data-trim=""Progressive , S-Line, Panoramic Roof"">","https://autobunny-docs.s3.ca-central-1.amazonaws.com/1232/car/forsale/images/2025/12/pic-f54b1d79774fc293c686274fb8bf6ab9.jpg|https://autobunny-docs.s3.ca-central-1.amazonaws.com/1232/web-content/logo-icon.png|https://www.peelcarsales.com/images/logo.png|https://autobunny-docs.s3.ca-central-1.amazonaws.com/common/design/welcome/welcome-car-21.jpg|https://autobunny-docs.s3.ca-central-1.amazonaws.com/common/design/welcome/welcome-car-45.jpg|https://autobunny-docs.s3.ca-central-1.amazonaws.com/common/design/car/style/sedan.png|https://autobunny-docs.s3.ca-central-1.amazonaws.com/common/design/car/style/pickup.png|https://autobunny-docs.s3.ca-central-1.amazonaws.com/common/design/car/style/suv.png|https://autobunny-docs.s3.ca-central-1.amazonaws.com/common/design/car/style/van.png|https://autobunny-docs.s3.ca-central-1.amazonaws.com/common/design/welcome/welcome-car-23-1.jpg|https://autobunny-docs.s3.ca-central-1.amazonaws.com/common/design/icon/select-arrow-black.png|https://autobunny-docs.s3.ca-central-1.amazonaws.com/common/design/icon/search-icon-gray.png","","Key Features:
Alloy Wheels, Keyless Entry, Power Adjustable Seats, Cruise Control, Push Start Button, Dual Climate Control, Rear View Camera With Parking Aids, Blind Spot Monitoring, Lane Departure Warning, Heated Seats, USB Ports, Panoramic Roof, Premium Leather Seats, Apple Carplay &amp; Android Auto, Rear AC Vents.","pending","2026-05-07T19:26:51.298Z"
"2018-Honda-Accord-Sedan-679966","Honda","Accord","2018","2000","1500","gasoline","automatic","sedan","color=&amp;engine=&amp;fuel_type=&amp;inventorySearchTxt=&amp;submit=&amp;compare=""> Value Deals",". With its 4-cylinder engine and automatic transmission, this sedan is perfect for your daily commute. Don't miss out on this stylish black beauty with 175,000 miles on the road!"">","=""1HGCV1F32JA801144"" data-year=""2018""  data-make=""Honda""  data-model=""Accord""  data-trim=""Sport"">","https://autobunny-docs.s3.ca-central-1.amazonaws.com/1232/car/forsale/images/2026/04/pic-3ba6fe561857ec31e43779ba3227a6b0.jpg|https://autobunny-docs.s3.ca-central-1.amazonaws.com/1232/web-content/logo-icon.png|https://www.peelcarsales.com/images/logo.png|https://autobunny-docs.s3.ca-central-1.amazonaws.com/common/design/welcome/welcome-car-21.jpg|https://autobunny-docs.s3.ca-central-1.amazonaws.com/common/design/welcome/welcome-car-45.jpg|https://autobunny-docs.s3.ca-central-1.amazonaws.com/common/design/car/style/sedan.png|https://autobunny-docs.s3.ca-central-1.amazonaws.com/common/design/car/style/pickup.png|https://autobunny-docs.s3.ca-central-1.amazonaws.com/common/design/car/style/suv.png|https://autobunny-docs.s3.ca-central-1.amazonaws.com/common/design/car/style/van.png|https://autobunny-docs.s3.ca-central-1.amazonaws.com/common/design/welcome/welcome-car-23-1.jpg|https://autobunny-docs.s3.ca-central-1.amazonaws.com/common/design/icon/select-arrow-black.png|https://autobunny-docs.s3.ca-central-1.amazonaws.com/common/design/icon/search-icon-gray.png","ABS Brakes|AM/FM Stereo|CD Player|Entertainment System|Satellite Radio|Traction Control|Daytime Running Lights - Included|Automatic Headlights - Included|Hid Headlights - Not Available|Headlights-Auto-Leveling - Not Available|Night Vision - Not Available|Integrated Turn Signal Mirrors - Included|Auto-Dimming Rearview Mirror - Included|Smart Device Integration - Included|Apple Carplay - Included|Android Auto - Included|Wifi Hotspot - Not Available|Bluetooth Connection - Included|Power Outlet - Not Available|Wireless Charging - Not Available","This 2018 Honda Accord Sport offers a sleek design, reliable performance, and comfortable interiors. With its 4-cylinder engine and automatic transmission, this sedan is perfect for your daily commute. Don't miss out on this stylish black beauty with 175,000 miles on the road!","pending","2026-05-07T19:26:56.881Z"
"2022-Ford-Edge-SUV-649291","Ford","Edge","2022","26991","1500","gasoline","automatic","sedan","color=&amp;engine=&amp;fuel_type=&amp;inventorySearchTxt=&amp;submit=&amp;compare=""> Value Deals",":","=""2FMPK4J93NBA48526"" data-year=""2022""  data-make=""Ford""  data-model=""Edge""  data-trim=""SEL | 12"" LCD TOUCHSCREEN | PANORAMIC ROOF | REMOTE START"">","https://autobunny-docs.s3.ca-central-1.amazonaws.com/1232/car/forsale/images/2025/11/2022_Ford_Edge_pic-df4d842e9daa5ac9d3af0566fd2d3d3f.jpg|https://autobunny-docs.s3.ca-central-1.amazonaws.com/1232/web-content/logo-icon.png|https://www.peelcarsales.com/images/logo.png|https://autobunny-docs.s3.ca-central-1.amazonaws.com/common/design/welcome/welcome-car-21.jpg|https://autobunny-docs.s3.ca-central-1.amazonaws.com/common/design/welcome/welcome-car-45.jpg|https://autobunny-docs.s3.ca-central-1.amazonaws.com/common/design/car/style/sedan.png|https://autobunny-docs.s3.ca-central-1.amazonaws.com/common/design/car/style/pickup.png|https://autobunny-docs.s3.ca-central-1.amazonaws.com/common/design/car/style/suv.png|https://autobunny-docs.s3.ca-central-1.amazonaws.com/common/design/car/style/van.png|https://autobunny-docs.s3.ca-central-1.amazonaws.com/common/design/welcome/welcome-car-23-1.jpg|https://autobunny-docs.s3.ca-central-1.amazonaws.com/common/design/icon/select-arrow-black.png|https://autobunny-docs.s3.ca-central-1.amazonaws.com/common/design/icon/search-icon-gray.png","","CLEAN CARFAX
KEY FEATURES:
SYNC&reg; 4A WITH 12","pending","2026-05-07T19:27:02.294Z"
"2026-Honda-Civic-Hybrid-Sedan-665911","Honda","Civic Hybrid","2026","36991","1500","gasoline","automatic","sedan","color=&amp;engine=&amp;fuel_type=&amp;inventorySearchTxt=&amp;submit=&amp;compare=""> Value Deals",":","=""2HGFE4F83TH006392"" data-year=""2026""  data-make=""Honda""  data-model=""Civic Hybrid""  data-trim=""Sport, Sunroof, Alloys, Apple Carplay."">","https://autobunny-docs.s3.ca-central-1.amazonaws.com/1232/car/forsale/images/2026/02/pic-bef39c23f21b14b58bf63696bc02a459.jpg|https://autobunny-docs.s3.ca-central-1.amazonaws.com/1232/web-content/logo-icon.png|https://www.peelcarsales.com/images/logo.png|https://autobunny-docs.s3.ca-central-1.amazonaws.com/common/design/welcome/welcome-car-21.jpg|https://autobunny-docs.s3.ca-central-1.amazonaws.com/common/design/welcome/welcome-car-45.jpg|https://autobunny-docs.s3.ca-central-1.amazonaws.com/common/design/car/style/sedan.png|https://autobunny-docs.s3.ca-central-1.amazonaws.com/common/design/car/style/pickup.png|https://autobunny-docs.s3.ca-central-1.amazonaws.com/common/design/car/style/suv.png|https://autobunny-docs.s3.ca-central-1.amazonaws.com/common/design/car/style/van.png|https://autobunny-docs.s3.ca-central-1.amazonaws.com/common/design/welcome/welcome-car-23-1.jpg|https://autobunny-docs.s3.ca-central-1.amazonaws.com/common/design/icon/select-arrow-black.png|https://autobunny-docs.s3.ca-central-1.amazonaws.com/common/design/icon/search-icon-gray.png","","Key Features:
ALLOY WHEEL, BLIND SPOT, KEYLESS ENTRY, TRACTION CONTROL, HEATED SEATS, ADAPTIVE CRUISE CONTROL, PADDLE SHIFTER, PUSH START BUTTON, REAR VIEW CAMERA WITH PARKING AIDS, HEATED SEATS, DUAL CLIMATE CONTROL, C-TYPE PORTS, DIFFERENT DRIVE MODES, AUTO HOLD, APPLY CARPLAY &amp; ANDROID AUTO, SUNROOF, PREMIUM FABIRC SEATS, REMOTE START ANY MANY MORE.","pending","2026-05-07T19:27:07.727Z"
"2021-Audi-Q3-SUV-649312","Audi","Q3","2021","24491","1500","gasoline","automatic","sedan","color=&amp;engine=&amp;fuel_type=&amp;inventorySearchTxt=&amp;submit=&amp;compare=""> Value Deals",":","=""WA1AECF32M1054337"" data-year=""2021""  data-make=""Audi""  data-model=""Q3""  data-trim=""40 Komfort, Panoramic roof, Leather seats, Cruise Control."">","https://autobunny-docs.s3.ca-central-1.amazonaws.com/1232/car/forsale/images/2025/11/2021_Audi_Q3_pic-96b012f10e5fda61687cdc6ed4c37b13.jpg|https://autobunny-docs.s3.ca-central-1.amazonaws.com/1232/web-content/logo-icon.png|https://www.peelcarsales.com/images/logo.png|https://autobunny-docs.s3.ca-central-1.amazonaws.com/common/design/welcome/welcome-car-21.jpg|https://autobunny-docs.s3.ca-central-1.amazonaws.com/common/design/welcome/welcome-car-45.jpg|https://autobunny-docs.s3.ca-central-1.amazonaws.com/common/design/car/style/sedan.png|https://autobunny-docs.s3.ca-central-1.amazonaws.com/common/design/car/style/pickup.png|https://autobunny-docs.s3.ca-central-1.amazonaws.com/common/design/car/style/suv.png|https://autobunny-docs.s3.ca-central-1.amazonaws.com/common/design/car/style/van.png|https://autobunny-docs.s3.ca-central-1.amazonaws.com/common/design/welcome/welcome-car-23-1.jpg|https://autobunny-docs.s3.ca-central-1.amazonaws.com/common/design/icon/select-arrow-black.png|https://autobunny-docs.s3.ca-central-1.amazonaws.com/common/design/icon/search-icon-gray.png","","KEY FEATURES: LEATHER SEATS, POWER SEATS ADJUSTMENTS, DIGITAL CLUSTER DISPLAY,
CRUISE CONTROL, BLUETOOTH, HEATES SEATS, AIR CONDITIONER, TRACTION CONTROL,
DRIVE MODES, TOUCH DISPLAY SCREEN, TRACTION CONTROL AND MORE
&nbsp;
&nbsp;
&nbsp;","pending","2026-05-07T19:27:13.154Z"
"2026-Volkswagen-Jetta-Sedan-679947","Volkswagen","Jetta","2026","2000","1500","gasoline","automatic","sedan","color=&amp;engine=&amp;fuel_type=&amp;inventorySearchTxt=&amp;submit=&amp;compare=""> Value Deals",":","=""3VWSW7BU4TM052570"" data-year=""2026""  data-make=""Volkswagen""  data-model=""Jetta""  data-trim=""Comfortline Sports"">","https://autobunny-docs.s3.ca-central-1.amazonaws.com/1232/car/forsale/images/2026/04/pic-be8a6d9b09b22e2a7460aa077d940ea2.jpg|https://autobunny-docs.s3.ca-central-1.amazonaws.com/1232/web-content/logo-icon.png|https://www.peelcarsales.com/images/logo.png|https://autobunny-docs.s3.ca-central-1.amazonaws.com/common/design/welcome/welcome-car-21.jpg|https://autobunny-docs.s3.ca-central-1.amazonaws.com/common/design/welcome/welcome-car-45.jpg|https://autobunny-docs.s3.ca-central-1.amazonaws.com/common/design/car/style/sedan.png|https://autobunny-docs.s3.ca-central-1.amazonaws.com/common/design/car/style/pickup.png|https://autobunny-docs.s3.ca-central-1.amazonaws.com/common/design/car/style/suv.png|https://autobunny-docs.s3.ca-central-1.amazonaws.com/common/design/car/style/van.png|https://autobunny-docs.s3.ca-central-1.amazonaws.com/common/design/welcome/welcome-car-23-1.jpg|https://autobunny-docs.s3.ca-central-1.amazonaws.com/common/design/icon/select-arrow-black.png|https://autobunny-docs.s3.ca-central-1.amazonaws.com/common/design/icon/search-icon-gray.png","ABS Brakes|AM/FM Stereo|CD Player|Entertainment System|Satellite Radio|Traction Control|Daytime Running Lights - Included|Automatic Headlights - Included|Hid Headlights - Not Available|Headlights-Auto-Leveling - Not Available|Night Vision - Not Available|Integrated Turn Signal Mirrors - Not Available|Auto-Dimming Rearview Mirror - Included|Smart Device Integration - Included|Apple Carplay - Included|Android Auto - Included|Wifi Hotspot - Included|Bluetooth Connection - Included|Power Outlet - Not Available|Wireless Charging - Included","","pending","2026-05-07T19:27:18.628Z"
"2023-Tesla-Model-Y-SUV-679929","Tesla","Model Y","2023","42991","1500","gasoline","automatic","sedan","color=&amp;engine=&amp;fuel_type=&amp;inventorySearchTxt=&amp;submit=&amp;compare=""> Value Deals","Trim -inc: Genuine Wood/Metal-Look Instrument Panel Insert, Genuine Wood/Metal-Look Door Panel Insert, Leather/Genuine Wood Console Insert, Metal-Look Interior Accents and Leather Upholstered Dashboard","=""7SAYGDEF2PF663913"" data-year=""2023""  data-make=""Tesla""  data-model=""Model Y""  data-trim=""Performance"">","https://autobunny-docs.s3.ca-central-1.amazonaws.com/1232/car/forsale/images/2026/04/pic-8b13bef63efd74aede2867b9f847a6ca.jpg|https://autobunny-docs.s3.ca-central-1.amazonaws.com/1232/web-content/logo-icon.png|https://www.peelcarsales.com/images/logo.png|https://autobunny-docs.s3.ca-central-1.amazonaws.com/common/design/welcome/welcome-car-21.jpg|https://autobunny-docs.s3.ca-central-1.amazonaws.com/common/design/welcome/welcome-car-45.jpg|https://autobunny-docs.s3.ca-central-1.amazonaws.com/common/design/car/style/sedan.png|https://autobunny-docs.s3.ca-central-1.amazonaws.com/common/design/car/style/pickup.png|https://autobunny-docs.s3.ca-central-1.amazonaws.com/common/design/car/style/suv.png|https://autobunny-docs.s3.ca-central-1.amazonaws.com/common/design/car/style/van.png|https://autobunny-docs.s3.ca-central-1.amazonaws.com/common/design/welcome/welcome-car-23-1.jpg|https://autobunny-docs.s3.ca-central-1.amazonaws.com/common/design/icon/select-arrow-black.png|https://autobunny-docs.s3.ca-central-1.amazonaws.com/common/design/icon/search-icon-gray.png","ABS Brakes|Air Conditioning|AM/FM Stereo|Auto Dimming Mirrors|Backup Camera|Bluetooth|CD Player|Cruise Control|Cup Holder|Digital Clock|Driver Side Airbag|Entertainment System|Fog Lights|Heated Exterior Mirrors|Keyless Entry|Leather Steering Wheels|Low Tire Pressure Warning|Passenger Airbag|Power Locks|Power Mirrors","","pending","2026-05-07T19:27:24.138Z"
"2023-Hyundai-Elantra-Sedan-670237","Hyundai","Elantra","2023","2000","1500","gasoline","automatic","sedan","color=&amp;engine=&amp;fuel_type=&amp;inventorySearchTxt=&amp;submit=&amp;compare=""> Value Deals",":","=""KMHLM4AG3PU585398"" data-year=""2023""  data-make=""Hyundai""  data-model=""Elantra""  data-trim=""Essential, Back Camera, Apple Carplay, Alloy Wheels"">","https://autobunny-docs.s3.ca-central-1.amazonaws.com/1232/car/forsale/images/2026/03/pic-bbce9540496e13df0b97b437fb23a9f7.jpg|https://autobunny-docs.s3.ca-central-1.amazonaws.com/1232/web-content/logo-icon.png|https://www.peelcarsales.com/images/logo.png|https://autobunny-docs.s3.ca-central-1.amazonaws.com/common/design/welcome/welcome-car-21.jpg|https://autobunny-docs.s3.ca-central-1.amazonaws.com/common/design/welcome/welcome-car-45.jpg|https://autobunny-docs.s3.ca-central-1.amazonaws.com/common/design/car/style/sedan.png|https://autobunny-docs.s3.ca-central-1.amazonaws.com/common/design/car/style/pickup.png|https://autobunny-docs.s3.ca-central-1.amazonaws.com/common/design/car/style/suv.png|https://autobunny-docs.s3.ca-central-1.amazonaws.com/common/design/car/style/van.png|https://autobunny-docs.s3.ca-central-1.amazonaws.com/common/design/welcome/welcome-car-23-1.jpg|https://autobunny-docs.s3.ca-central-1.amazonaws.com/common/design/icon/select-arrow-black.png|https://autobunny-docs.s3.ca-central-1.amazonaws.com/common/design/icon/search-icon-gray.png","ABS Brakes|AM/FM Stereo|CD Player|Entertainment System|Satellite Radio|Traction Control|Daytime Running Lights - Included|Automatic Headlights - Included|Hid Headlights - Not Available|Headlights-Auto-Leveling - Not Available|Night Vision - Not Available|Integrated Turn Signal Mirrors - Included|Auto-Dimming Rearview Mirror - Included|Smart Device Integration - Included|Apple Carplay - Included|Android Auto - Included|Wifi Hotspot - Not Available|Bluetooth Connection - Included|Power Outlet - Not Available|Wireless Charging - Not Available","Key Features:
A;;OW WHEELS, STEERING WHEEL CONTROL BUTTONS, CRUISE CONTROL OPTIONS, APPLE CARPLAY AND ANDROID AUTO, TRACTION CONTROL, REAR VIEW CAMERA WITH PARKING AIDS, HEATED SEATS, DIFFERENT MODE OF DRIVE, USB PORTS,","pending","2026-05-07T19:27:29.860Z"
"2021-Volkswagen-Jetta-Sedan-678759","Volkswagen","Jetta","2021","2000","1500","gasoline","automatic","sedan","color=&amp;engine=&amp;fuel_type=&amp;inventorySearchTxt=&amp;submit=&amp;compare=""> Value Deals",":","=""3VWE57BU4MM046494"" data-year=""2021""  data-make=""Volkswagen""  data-model=""Jetta""  data-trim=""Highline"">","https://autobunny-docs.s3.ca-central-1.amazonaws.com/1232/car/forsale/images/2026/04/pic-8d7e49b83adfb8dc523d1287f5478855.jpg|https://autobunny-docs.s3.ca-central-1.amazonaws.com/1232/web-content/logo-icon.png|https://www.peelcarsales.com/images/logo.png|https://autobunny-docs.s3.ca-central-1.amazonaws.com/common/design/welcome/welcome-car-21.jpg|https://autobunny-docs.s3.ca-central-1.amazonaws.com/common/design/welcome/welcome-car-45.jpg|https://autobunny-docs.s3.ca-central-1.amazonaws.com/common/design/car/style/sedan.png|https://autobunny-docs.s3.ca-central-1.amazonaws.com/common/design/car/style/pickup.png|https://autobunny-docs.s3.ca-central-1.amazonaws.com/common/design/car/style/suv.png|https://autobunny-docs.s3.ca-central-1.amazonaws.com/common/design/car/style/van.png|https://autobunny-docs.s3.ca-central-1.amazonaws.com/common/design/welcome/welcome-car-23-1.jpg|https://autobunny-docs.s3.ca-central-1.amazonaws.com/common/design/icon/select-arrow-black.png|https://autobunny-docs.s3.ca-central-1.amazonaws.com/common/design/icon/search-icon-gray.png","ABS Brakes|AM/FM Stereo|CD Player|Entertainment System|Satellite Radio|Traction Control|Daytime Running Lights - Included|Automatic Headlights - Included|Hid Headlights - Not Available|Headlights-Auto-Leveling - Not Available|Night Vision - Not Available|Integrated Turn Signal Mirrors - Not Available|Auto-Dimming Rearview Mirror - Included|Smart Device Integration - Included|Apple Carplay - Included|Android Auto - Included|Wifi Hotspot - Not Available|Bluetooth Connection - Included|Power Outlet - Not Available|Wireless Charging - Not Available","NEW ARRIVAL","pending","2026-05-07T19:27:35.352Z"
"2019-Hyundai-Elantra-Sedan-649369","Hyundai","Elantra","2019","2000","1500","gasoline","automatic","sedan","color=&amp;engine=&amp;fuel_type=&amp;inventorySearchTxt=&amp;submit=&amp;compare=""> Value Deals",":","g the Greater Toronto and adjoining areas since 2014.","https://autobunny-docs.s3.ca-central-1.amazonaws.com/1232/car/forsale/images/2025/11/2019_Hyundai_Elantra_pic-74bef689fb33b4375d30fa7053314463.jpg|https://autobunny-docs.s3.ca-central-1.amazonaws.com/1232/web-content/logo-icon.png|https://www.peelcarsales.com/images/logo.png|https://autobunny-docs.s3.ca-central-1.amazonaws.com/common/design/welcome/welcome-car-21.jpg|https://autobunny-docs.s3.ca-central-1.amazonaws.com/common/design/welcome/welcome-car-45.jpg|https://autobunny-docs.s3.ca-central-1.amazonaws.com/common/design/car/style/sedan.png|https://autobunny-docs.s3.ca-central-1.amazonaws.com/common/design/car/style/pickup.png|https://autobunny-docs.s3.ca-central-1.amazonaws.com/common/design/car/style/suv.png|https://autobunny-docs.s3.ca-central-1.amazonaws.com/common/design/car/style/van.png|https://autobunny-docs.s3.ca-central-1.amazonaws.com/common/design/welcome/welcome-car-23-1.jpg|https://autobunny-docs.s3.ca-central-1.amazonaws.com/common/design/icon/select-arrow-black.png|https://autobunny-docs.s3.ca-central-1.amazonaws.com/common/design/icon/search-icon-gray.png","","KEYLESS FEATURES: KEYFOB ENTRY, REARVIEW CAMERA, BLINDSPOTS DETECTION, CRUISE CONTROL, BLUETOOTH, APPLE CARPLAY, HEATED SEATS, HEATED STEERING WHEEL, TOUCH DISPLAY SCREEN, REAR PARKING AID,&nbsp;DIFFERENT DRIVE MODES !
We are offering the LOWEST possible interest rates! Everyone is Approved!
_____________________
WE ARE OPEN 7 DAYS except for statutory holidays!
&hellip;&hellip;&hellip;&hellip;&hellip;&hellip;&hellip;&hellip;&hellip;&hellip;&hellip;&hellip;&hellip;&hellip;&hellip;&hellip;&hellip;&hellip;&hellip;&hellip;&hellip;&hellip;&hellip;&hellip;&hellip;&hellip;&hellip;&hellip;&hellip;&hellip;&hellip;&hellip;&hellip;&hellip;&hellip;&hellip;&hellip;.
HUNDRED PERCENT**PRICE MATCH POLICY** BASED ON TRIMS|KMS|CARFAX|COLOUR|
&hellip;&hellip;&hellip;&hellip;&hellip;&hellip;&hellip;&hellip;&hellip;&hellip;&hellip;&hellip;&hellip;&hellip;&hellip;&hellip;&hellip;&hellip;&hellip;&hellip;&hellip;&hellip;&hellip;&hellip;&hellip;&hellip;&hellip;&hellip;&hellip;&hellip;&hellip;&hellip;&hellip;&hellip;&hellip;&hellip;&hellip;&hellip;..
* FREE HOME DELIVERY BASED ON YOUR POSTAL CODE**
&hellip;&hellip;&hellip;&hellip;&hellip;&hellip;&hellip;&hellip;&hellip;&hellip;&hellip;&hellip;&hellip;&hellip;&hellip;&hellip;&hellip;&hellip;&hellip;&hellip;&hellip;&hellip;&hellip;&hellip;&hellip;&hellip;&hellip;&hellip;&hellip;&hellip;&hellip;&hellip;&hellip;&hellip;&hellip;&hellip;&hellip;&hellip;&hellip;
EXCHANGE POLICY: MAXIMUM 7 BUSINESS DAYS/1500 KMS IF DEALER CAN NOT FIX ISSUE/CONCERN.
&hellip;&hellip;&hellip;&hellip;&hellip;&hellip;&hellip;&hellip;&hellip;&hellip;&hellip;&hellip;&hellip;&hellip;&hellip;&hellip;&hellip;&hellip;&hellip;&hellip;&hellip;&hellip;&hellip;&hellip;&hellip;&hellip;&hellip;&hellip;&hellip;&hellip;&hellip;&hellip;&hellip;&hellip;&hellip;&hellip;&hellip;&hellip;.
OUR CERTIFIED PRE-OWNED PROGRAM ON 2024 AND 2025 MODELS IS ONLY
$499
OUR CERTIFIED PRE-OWNED PROGRAM ON 2023 AND BELOW MODELS IS ONLY
$799
***We must state this.... As Per Regulations: This vehicle is not certified e-tested not drivable. If the Safety and E-test is Purchased the vehicle is then drivable. This Safety and E-test fee is NOT mandatory to be paid, you can also take the vehicle to your own mechanic. ***
Looking to Finance a car and want to save money at the same time. We have redesigned our dealership for our customers and we offer vehicles on finance or lease with lowest possible interest rates O.A.C. Variable installation and delivery fees may apply.
Cash Purchases are most welcome for the same asking price. Variable admin fee may apply.
Dealer reserves the right to decline credit card purchases (credit card payments in excess of $2,000) at its sole and exclusive discretion.
Prices are subject to change without notice, please contact dealer for details.
We are now located at TWO LOCATIONS to serve you and your neighbourhood.
Mississauga - 2701 DERRY ROAD EAST, MISSISSAUGA, L4T 1A2
Oakville - 333 WYECROFT ROAD, OAKVILLE, L6K 2H2
While we try our best, information of the vehicle is not 100% accurate. Please contact the sales representative to confirm features of the car.
Peel Car Sales is a reputable and trustworthy used car dealership serving the Greater Toronto and adjoining areas since 2014.
Call or text us direct, AT 1(647)678-7778. (FACETIME/WHATSAPP)","pending","2026-05-07T19:27:40.808Z"
"2021-Volkswagen-Jetta-Sedan-654225","Volkswagen","Jetta","2021","19999","1500","gasoline","automatic","sedan","color=&amp;engine=&amp;fuel_type=&amp;inventorySearchTxt=&amp;submit=&amp;compare=""> Value Deals",":","=""3VWC57BU5MM030909"" data-year=""2021""  data-make=""Volkswagen""  data-model=""Jetta""  data-trim=""Comfortline, Alloy Wheels, Back Camera, Apple Carplay."">","https://autobunny-docs.s3.ca-central-1.amazonaws.com/1232/car/forsale/images/2025/12/pic-8ad9f07ac71b89e32ed90c5e93a40b47.jpg|https://autobunny-docs.s3.ca-central-1.amazonaws.com/1232/web-content/logo-icon.png|https://www.peelcarsales.com/images/logo.png|https://autobunny-docs.s3.ca-central-1.amazonaws.com/common/design/welcome/welcome-car-21.jpg|https://autobunny-docs.s3.ca-central-1.amazonaws.com/common/design/welcome/welcome-car-45.jpg|https://autobunny-docs.s3.ca-central-1.amazonaws.com/common/design/car/style/sedan.png|https://autobunny-docs.s3.ca-central-1.amazonaws.com/common/design/car/style/pickup.png|https://autobunny-docs.s3.ca-central-1.amazonaws.com/common/design/car/style/suv.png|https://autobunny-docs.s3.ca-central-1.amazonaws.com/common/design/car/style/van.png|https://autobunny-docs.s3.ca-central-1.amazonaws.com/common/design/welcome/welcome-car-23-1.jpg|https://autobunny-docs.s3.ca-central-1.amazonaws.com/common/design/icon/select-arrow-black.png|https://autobunny-docs.s3.ca-central-1.amazonaws.com/common/design/icon/search-icon-gray.png","ABS Brakes|AM/FM Stereo|CD Player|Entertainment System|Satellite Radio|Traction Control|Daytime Running Lights - Included|Automatic Headlights - Included|Hid Headlights - Not Available|Headlights-Auto-Leveling - Not Available|Night Vision - Not Available|Integrated Turn Signal Mirrors - Not Available|Auto-Dimming Rearview Mirror - Not Available|Smart Device Integration - Included|Apple Carplay - Included|Android Auto - Included|Wifi Hotspot - Not Available|Bluetooth Connection - Included|Power Outlet - Not Available|Wireless Charging - Not Available","Key Features:
Alloy Wheels, Rear View Camera With Parking Aids, Apple Carplay and Android Auto, Cruise Control, Heated Seats, C-Type Ports, Eco Mode, Premium Fabric Seats, WINTER MATTS INCLUDED.","pending","2026-05-07T19:27:46.245Z"
"2020-BMW-3-Series-Sedan-653020","BMW","3 Series","2020","2000","1500","gasoline","automatic","sedan","color=&amp;engine=&amp;fuel_type=&amp;inventorySearchTxt=&amp;submit=&amp;compare=""> Value Deals","Trim -inc: Metal-Look Door Panel Insert and Metal-Look Interior Accents","=""3MW5R7J01L8B46062"" data-year=""2020""  data-make=""BMW""  data-model=""3 Series""  data-trim=""330i M Sport Pkg, Wireless Apple carplay, Blacktop Pkg (2K worth Pkg)"">","https://autobunny-docs.s3.ca-central-1.amazonaws.com/1232/car/forsale/images/2025/12/pic-3345ee9f0c5f86bb78db265930b7ef62.jpg|https://autobunny-docs.s3.ca-central-1.amazonaws.com/1232/web-content/logo-icon.png|https://www.peelcarsales.com/images/logo.png|https://autobunny-docs.s3.ca-central-1.amazonaws.com/common/design/welcome/welcome-car-21.jpg|https://autobunny-docs.s3.ca-central-1.amazonaws.com/common/design/welcome/welcome-car-45.jpg|https://autobunny-docs.s3.ca-central-1.amazonaws.com/common/design/car/style/sedan.png|https://autobunny-docs.s3.ca-central-1.amazonaws.com/common/design/car/style/pickup.png|https://autobunny-docs.s3.ca-central-1.amazonaws.com/common/design/car/style/suv.png|https://autobunny-docs.s3.ca-central-1.amazonaws.com/common/design/car/style/van.png|https://autobunny-docs.s3.ca-central-1.amazonaws.com/common/design/welcome/welcome-car-23-1.jpg|https://autobunny-docs.s3.ca-central-1.amazonaws.com/common/design/icon/select-arrow-black.png|https://autobunny-docs.s3.ca-central-1.amazonaws.com/common/design/icon/search-icon-gray.png","ABS Brakes|Air Conditioning|AM/FM Stereo|Auto Dimming Mirrors|Backup Camera|CD Player|Cruise Control|Cup Holder|Digital Clock|Driver Side Airbag|Entertainment System|Heated Exterior Mirrors|Keyless Entry|Leather Steering Wheels|Low Tire Pressure Warning|Navigation System|Passenger Airbag|Power Locks|Power Mirrors|Rear Window Defroster","Key Features:
Alloy Wheels, Blind Spot, Keyless Entry, Memory Seats, Power Adjustable Seats, Lumber Support, Adaptive Cruise Control, Paddle Shifter, Navigation, Rear View Camera With Parking Aids, Apple Carplay &amp; Android Auto, Heated Seats, Heated Steering Wheel, Push Start Button, Different Mode of Drive, USB Ports, Push Start Button, Premium Leather Seats, Rear AC and temperature control options, C-Type Ports, Sunroof.","pending","2026-05-07T19:27:51.752Z"
"2018-Hyundai-Elantra-Sedan-649372","Hyundai","Elantra","2018","11490","1500","gasoline","automatic","sedan",", automatic transmission, and a fuel-efficient 4-cylinder engine, this car is perfect for your daily commute or weekend adventures. Don't miss out on this great deal!",":","=""KMHD84LF2JU668860"" data-year=""2018""  data-make=""Hyundai""  data-model=""Elantra""  data-trim=""GL, BSM, HEATED SEATS, REARVIEW CAMERA."">","https://autobunny-docs.s3.ca-central-1.amazonaws.com/1232/car/forsale/images/2025/11/2018_Hyundai_Elantra_pic-40ffef9caeb365d8fcb4c1eff86e60bb.jpg|https://autobunny-docs.s3.ca-central-1.amazonaws.com/1232/web-content/logo-icon.png|https://www.peelcarsales.com/images/logo.png|https://autobunny-docs.s3.ca-central-1.amazonaws.com/common/design/welcome/welcome-car-21.jpg|https://autobunny-docs.s3.ca-central-1.amazonaws.com/common/design/welcome/welcome-car-45.jpg|https://autobunny-docs.s3.ca-central-1.amazonaws.com/common/design/car/style/sedan.png|https://autobunny-docs.s3.ca-central-1.amazonaws.com/common/design/car/style/pickup.png|https://autobunny-docs.s3.ca-central-1.amazonaws.com/common/design/car/style/suv.png|https://autobunny-docs.s3.ca-central-1.amazonaws.com/common/design/car/style/van.png|https://autobunny-docs.s3.ca-central-1.amazonaws.com/common/design/welcome/welcome-car-23-1.jpg|https://autobunny-docs.s3.ca-central-1.amazonaws.com/common/design/icon/select-arrow-black.png|https://autobunny-docs.s3.ca-central-1.amazonaws.com/common/design/icon/search-icon-gray.png","","This 2018 Hyundai Elantra Limited is a sleek and reliable sedan that's ready to impress! With a stylish silver exterior, automatic transmission, and a fuel-efficient 4-cylinder engine, this car is perfect for your daily commute or weekend adventures. Don't miss out on this great deal!
KEY FEATURES: BLINDSPOTS DETECTION, REARVIEW CAMERA, CRUISE CONTROL, TRACTION CONTROL,
TOUCH DISPLAY SCREEN, BLUETOOTH, HEATED SEATS, HEATED STEERING WHEEL, AIR CONDITIONER,
DRIVE MODES AND MORE
&nbsp;","pending","2026-05-07T19:27:57.321Z"
"2025-Volkswagen-Jetta-Sedan-649264","Volkswagen","Jetta","2025","2000","45","gasoline","automatic","sedan","color=&amp;engine=&amp;fuel_type=&amp;inventorySearchTxt=&amp;submit=&amp;compare=""> Value Deals",":","g the Greater Toronto and adjoining areas since 2014.","https://autobunny-docs.s3.ca-central-1.amazonaws.com/1232/car/forsale/images/2025/11/2025_Volkswagen_Jetta_pic-d3042bf02863206704d4df66cd6d8ed6.jpg|https://autobunny-docs.s3.ca-central-1.amazonaws.com/1232/web-content/logo-icon.png|https://www.peelcarsales.com/images/logo.png|https://autobunny-docs.s3.ca-central-1.amazonaws.com/common/design/welcome/welcome-car-21.jpg|https://autobunny-docs.s3.ca-central-1.amazonaws.com/common/design/welcome/welcome-car-45.jpg|https://autobunny-docs.s3.ca-central-1.amazonaws.com/common/design/car/style/sedan.png|https://autobunny-docs.s3.ca-central-1.amazonaws.com/common/design/car/style/pickup.png|https://autobunny-docs.s3.ca-central-1.amazonaws.com/common/design/car/style/suv.png|https://autobunny-docs.s3.ca-central-1.amazonaws.com/common/design/car/style/van.png|https://autobunny-docs.s3.ca-central-1.amazonaws.com/common/design/welcome/welcome-car-23-1.jpg|https://autobunny-docs.s3.ca-central-1.amazonaws.com/common/design/icon/select-arrow-black.png|https://autobunny-docs.s3.ca-central-1.amazonaws.com/common/design/icon/search-icon-gray.png","","This 2025 Volkswagen Jetta Highline is a sleek sedan with all the modern features you need! With a low mileage of just 45 kms, this car is practically brand new. Equipped with a sunroof, Apple Carplay, and stylish alloys, it's perfect for cruising in style. Don't miss out on this black beauty!
KEY FEATURES: SUNROOF | LEATHER SEATS | NAVIGATION SYSTEM | 8'' TOUCHSCREEN | APPLE CARPLAY &amp; ANDROID AUTO | PUSH-UP START/STOP | AIR CONDITIONING | ALLOY WHEELS | POWER ADJUSTABLE DRIVER SEAT | HEATED STEERING WHEEL |
DIGITAL COCKPIT | BACK UP CAMERA | HEATED AND COOLED SEATS | ADAPTIVE CRUISE CONTROL | LANE KEEPING ASSIST | LANE DEPARTURE WARNING | BLIND SPOT MONITORING | KEYLESS ENTRY | ACTIVE LANE KEEP ASSISTANCE |
COLLISION WARNING | POWER LOCKS AND WINDOWS | HEATED REAR SEATS | LOW TIRE PRESSURE WARNING | DRIVER SIDE AIRBAG &amp; PASSENGER AIRBAG | OUTSIDE TEMPERATURE DISPLAY AND MUCH MORE

We are offering the LOWEST possible interest rates! Everyone is Approved!
_____________________
WE ARE OPEN 7 DAYS except for statutory holidays!
&hellip;&hellip;&hellip;&hellip;&hellip;&hellip;&hellip;&hellip;&hellip;&hellip;&hellip;&hellip;&hellip;&hellip;&hellip;&hellip;&hellip;&hellip;&hellip;&hellip;&hellip;&hellip;&hellip;&hellip;&hellip;&hellip;&hellip;&hellip;&hellip;&hellip;&hellip;&hellip;&hellip;&hellip;&hellip;&hellip;&hellip;.
HUNDRED PERCENT**PRICE MATCH POLICY** BASED ON TRIMS|KMS|CARFAX|COLOUR|
&hellip;&hellip;&hellip;&hellip;&hellip;&hellip;&hellip;&hellip;&hellip;&hellip;&hellip;&hellip;&hellip;&hellip;&hellip;&hellip;&hellip;&hellip;&hellip;&hellip;&hellip;&hellip;&hellip;&hellip;&hellip;&hellip;&hellip;&hellip;&hellip;&hellip;&hellip;&hellip;&hellip;&hellip;&hellip;&hellip;&hellip;&hellip;..
* FREE HOME DELIVERY BASED ON YOUR POSTAL CODE**
&hellip;&hellip;&hellip;&hellip;&hellip;&hellip;&hellip;&hellip;&hellip;&hellip;&hellip;&hellip;&hellip;&hellip;&hellip;&hellip;&hellip;&hellip;&hellip;&hellip;&hellip;&hellip;&hellip;&hellip;&hellip;&hellip;&hellip;&hellip;&hellip;&hellip;&hellip;&hellip;&hellip;&hellip;&hellip;&hellip;&hellip;&hellip;&hellip;
EXCHANGE POLICY: MAXIMUM 7 BUSINESS DAYS/1500 KMS IF DEALER CAN NOT FIX ISSUE/CONCERN.
&hellip;&hellip;&hellip;&hellip;&hellip;&hellip;&hellip;&hellip;&hellip;&hellip;&hellip;&hellip;&hellip;&hellip;&hellip;&hellip;&hellip;&hellip;&hellip;&hellip;&hellip;&hellip;&hellip;&hellip;&hellip;&hellip;&hellip;&hellip;&hellip;&hellip;&hellip;&hellip;&hellip;&hellip;&hellip;&hellip;&hellip;&hellip;.
OUR CERTIFIED PRE-OWNED PROGRAM ON 2024 AND 2025 MODELS IS ONLY
$499
OUR CERTIFIED PRE-OWNED PROGRAM ON 2023 AND BELOW MODELS IS ONLY
$799
***We must state this.... As Per Regulations: This vehicle is not certified e-tested not drivable. If the Safety and E-test is Purchased the vehicle is then drivable. This Safety and E-test fee is NOT mandatory to be paid, you can also take the vehicle to your own mechanic. ***
Looking to Finance a car and want to save money at the same time. We have redesigned our dealership for our customers and we offer vehicles on finance or lease with lowest possible interest rates O.A.C. Variable installation and delivery fees may apply.
Cash Purchases are most welcome for the same asking price. Variable admin fee may apply.
Dealer reserves the right to decline credit card purchases (credit card payments in excess of $2,000) at its sole and exclusive discretion.
Prices are subject to change without notice, please contact dealer for details.
We are now located at TWO LOCATIONS to serve you and your neighbourhood.
Mississauga - 2701 DERRY ROAD EAST, MISSISSAUGA, L4T 1A2
Oakville - 333 WYECROFT ROAD, OAKVILLE, L6K 2H2
While we try our best, information of the vehicle is not 100% accurate. Please contact the sales representative to confirm features of the car.
Peel Car Sales is a reputable and trustworthy used car dealership serving the Greater Toronto and adjoining areas since 2014.
Call or text us direct, AT 1(647)678-7778. (FACETIME/WHATSAPP)","pending","2026-05-07T19:28:02.741Z"
"2020-Honda-CR-V-SUV-649304","Honda","CR-V","2020","26491","1500","gasoline","automatic","sedan","color=&amp;engine=&amp;fuel_type=&amp;inventorySearchTxt=&amp;submit=&amp;compare=""> Value Deals",":","=""2HKRW2H21LH241726"" data-year=""2020""  data-make=""Honda""  data-model=""CR-V""  data-trim=""LX, Honda Sensing, Tow Package, Remote Starter."">","https://autobunny-docs.s3.ca-central-1.amazonaws.com/1232/car/forsale/images/2025/11/2020_Honda_CR-V_pic-c978c2973be8a4b1dd114cba161b93d3.jpg|https://autobunny-docs.s3.ca-central-1.amazonaws.com/1232/web-content/logo-icon.png|https://www.peelcarsales.com/images/logo.png|https://autobunny-docs.s3.ca-central-1.amazonaws.com/common/design/welcome/welcome-car-21.jpg|https://autobunny-docs.s3.ca-central-1.amazonaws.com/common/design/welcome/welcome-car-45.jpg|https://autobunny-docs.s3.ca-central-1.amazonaws.com/common/design/car/style/sedan.png|https://autobunny-docs.s3.ca-central-1.amazonaws.com/common/design/car/style/pickup.png|https://autobunny-docs.s3.ca-central-1.amazonaws.com/common/design/car/style/suv.png|https://autobunny-docs.s3.ca-central-1.amazonaws.com/common/design/car/style/van.png|https://autobunny-docs.s3.ca-central-1.amazonaws.com/common/design/welcome/welcome-car-23-1.jpg|https://autobunny-docs.s3.ca-central-1.amazonaws.com/common/design/icon/select-arrow-black.png|https://autobunny-docs.s3.ca-central-1.amazonaws.com/common/design/icon/search-icon-gray.png","","Key feature: Keyless Entry Access, Rearview camera, Rear Traffic alert, Adaptive cruise control, Front collision warning, Lane assist, Lane departure warning, Apple carplay &amp; Andriod auto, Touch Display screen,
17-inch alloy wheels, Push Start, Brake Hold, Different Drive Mode, Dual Climate Control, Heated Seats, USB ports,
&nbsp;","pending","2026-05-07T19:28:08.392Z"
"2019-Volkswagen-Tiguan-SUV-649331","Volkswagen","Tiguan","2019","2000","1500","gasoline","automatic","sedan","color=&amp;engine=&amp;fuel_type=&amp;inventorySearchTxt=&amp;submit=&amp;compare=""> Value Deals",", BSM, Remote starter."">","g the Greater Toronto and adjoining areas since 2014.","https://autobunny-docs.s3.ca-central-1.amazonaws.com/1232/car/forsale/images/2025/11/2019_Volkswagen_Tiguan_pic-05d26cb725aba6583eeb7aadd9408585.jpg|https://autobunny-docs.s3.ca-central-1.amazonaws.com/1232/web-content/logo-icon.png|https://www.peelcarsales.com/images/logo.png|https://autobunny-docs.s3.ca-central-1.amazonaws.com/common/design/welcome/welcome-car-21.jpg|https://autobunny-docs.s3.ca-central-1.amazonaws.com/common/design/welcome/welcome-car-45.jpg|https://autobunny-docs.s3.ca-central-1.amazonaws.com/common/design/car/style/sedan.png|https://autobunny-docs.s3.ca-central-1.amazonaws.com/common/design/car/style/pickup.png|https://autobunny-docs.s3.ca-central-1.amazonaws.com/common/design/car/style/suv.png|https://autobunny-docs.s3.ca-central-1.amazonaws.com/common/design/car/style/van.png|https://autobunny-docs.s3.ca-central-1.amazonaws.com/common/design/welcome/welcome-car-23-1.jpg|https://autobunny-docs.s3.ca-central-1.amazonaws.com/common/design/icon/select-arrow-black.png|https://autobunny-docs.s3.ca-central-1.amazonaws.com/common/design/icon/search-icon-gray.png","","KEY FEATURES :&nbsp; KEYLESS ENTRY | PUSH BUTTON START | PREMIUM WHEELS | REARVIEW CAMERA | PANORAMIC SUNROOF | REMOTE STARTER | LED HEADLIGHTS | PREMIUM LEATHER SEATS | POWER SEATS ADJUSTMENTS | LANE ASSIST | LANE DEPARTURE WARNING | CRUISE CONTROL | BLUETOOTH | STEERING WHEEL ASSIST | TOUCH DISPLAY SCREEN | BLINDSPOT DETECTION | APPLE CAR PLAY / ANDROID AUTO | HEATED SEATS | NAVIGATION | DRIVE MODES | DUAL CLIMATE CONTROL | FRONT USB PORTS | HEATED STEERING WHEEL | MEMORY SEATS | AMBIENT LIGHTS | FOG LAMPS | DIGITAL ODOMETER | AWD
We are offering the LOWEST possible interest rates! Everyone is Approved!
_____________________
WE ARE OPEN 7 DAYS except for statutory holidays!
&hellip;&hellip;&hellip;&hellip;&hellip;&hellip;&hellip;&hellip;&hellip;&hellip;&hellip;&hellip;&hellip;&hellip;&hellip;&hellip;&hellip;&hellip;&hellip;&hellip;&hellip;&hellip;&hellip;&hellip;&hellip;&hellip;&hellip;&hellip;&hellip;&hellip;&hellip;&hellip;&hellip;&hellip;&hellip;&hellip;&hellip;.
HUNDRED PERCENT**PRICE MATCH POLICY** BASED ON TRIMS|KMS|CARFAX|COLOUR|
&hellip;&hellip;&hellip;&hellip;&hellip;&hellip;&hellip;&hellip;&hellip;&hellip;&hellip;&hellip;&hellip;&hellip;&hellip;&hellip;&hellip;&hellip;&hellip;&hellip;&hellip;&hellip;&hellip;&hellip;&hellip;&hellip;&hellip;&hellip;&hellip;&hellip;&hellip;&hellip;&hellip;&hellip;&hellip;&hellip;&hellip;&hellip;..
* FREE HOME DELIVERY BASED ON YOUR POSTAL CODE**
&hellip;&hellip;&hellip;&hellip;&hellip;&hellip;&hellip;&hellip;&hellip;&hellip;&hellip;&hellip;&hellip;&hellip;&hellip;&hellip;&hellip;&hellip;&hellip;&hellip;&hellip;&hellip;&hellip;&hellip;&hellip;&hellip;&hellip;&hellip;&hellip;&hellip;&hellip;&hellip;&hellip;&hellip;&hellip;&hellip;&hellip;&hellip;&hellip;
EXCHANGE POLICY: MAXIMUM 7 BUSINESS DAYS/1500 KMS IF DEALER CAN NOT FIX ISSUE/CONCERN.
&hellip;&hellip;&hellip;&hellip;&hellip;&hellip;&hellip;&hellip;&hellip;&hellip;&hellip;&hellip;&hellip;&hellip;&hellip;&hellip;&hellip;&hellip;&hellip;&hellip;&hellip;&hellip;&hellip;&hellip;&hellip;&hellip;&hellip;&hellip;&hellip;&hellip;&hellip;&hellip;&hellip;&hellip;&hellip;&hellip;&hellip;&hellip;.
OUR CERTIFIED PRE-OWNED PROGRAM ON 2024 AND 2025 MODELS IS ONLY
$499
OUR CERTIFIED PRE-OWNED PROGRAM ON 2023 AND BELOW MODELS IS ONLY
$799
***We must state this.... As Per Regulations: This vehicle is not certified e-tested not drivable. If the Safety and E-test is Purchased the vehicle is then drivable. This Safety and E-test fee is NOT mandatory to be paid, you can also take the vehicle to your own mechanic. ***
Looking to Finance a car and want to save money at the same time. We have redesigned our dealership for our customers and we offer vehicles on finance or lease with lowest possible interest rates O.A.C. Variable installation and delivery fees may apply.
Cash Purchases are most welcome for the same asking price. Variable admin fee may apply.
Dealer reserves the right to decline credit card purchases (credit card payments in excess of $2,000) at its sole and exclusive discretion.
Prices are subject to change without notice, please contact dealer for details.
We are now located at TWO LOCATIONS to serve you and your neighbourhood.
Mississauga - 2701 DERRY ROAD EAST, MISSISSAUGA, L4T 1A2
Oakville - 333 WYECROFT ROAD, OAKVILLE, L6K 2H2
While we try our best, information of the vehicle is not 100% accurate. Please contact the sales representative to confirm features of the car.
Peel Car Sales is a reputable and trustworthy used car dealership serving the Greater Toronto and adjoining areas since 2014.
Call or text us direct, AT 1(647)678-7778. (FACETIME/WHATSAPP)","pending","2026-05-07T19:28:13.816Z"
"2022-Chrysler-300-Sedan-649321","Chrysler","300","2022","2000","1500","gasoline","automatic","sedan","color=&amp;engine=&amp;fuel_type=&amp;inventorySearchTxt=&amp;submit=&amp;compare=""> Value Deals",":","=""2C3CCADG8NH270750"" data-year=""2022""  data-make=""Chrysler""  data-model=""300""  data-trim=""Touring L, Apple carplay, BSM, Remote starter."">","https://autobunny-docs.s3.ca-central-1.amazonaws.com/1232/car/forsale/images/2025/11/2022_Chrysler_300_pic-1e1742b7916b174aaeb3494840ef1cad.jpg|https://autobunny-docs.s3.ca-central-1.amazonaws.com/1232/web-content/logo-icon.png|https://www.peelcarsales.com/images/logo.png|https://autobunny-docs.s3.ca-central-1.amazonaws.com/common/design/welcome/welcome-car-21.jpg|https://autobunny-docs.s3.ca-central-1.amazonaws.com/common/design/welcome/welcome-car-45.jpg|https://autobunny-docs.s3.ca-central-1.amazonaws.com/common/design/car/style/sedan.png|https://autobunny-docs.s3.ca-central-1.amazonaws.com/common/design/car/style/pickup.png|https://autobunny-docs.s3.ca-central-1.amazonaws.com/common/design/car/style/suv.png|https://autobunny-docs.s3.ca-central-1.amazonaws.com/common/design/car/style/van.png|https://autobunny-docs.s3.ca-central-1.amazonaws.com/common/design/welcome/welcome-car-23-1.jpg|https://autobunny-docs.s3.ca-central-1.amazonaws.com/common/design/icon/select-arrow-black.png|https://autobunny-docs.s3.ca-central-1.amazonaws.com/common/design/icon/search-icon-gray.png","","KEY FEATURES:
KEYLESS ENTRY, PUSH BUTTON START, PREMIUM ALLOY WHEELS, FRONT AND REAR PARKING SENSORS , BLINDSPOTS DETECTION, LEATHER SEATS , POWER SEATS ADJUSTMENTS, CRUISE CONTRO, DUAL CLIMATE CONTROL, HEATED SEATS, APPLE CARPLAY / ANDRIOD AUTO , TRACTION CONTROL","pending","2026-05-07T19:28:19.263Z"
"2022-Chrysler-300-Sedan-649315","Chrysler","300","2022","2000","1500","gasoline","automatic","sedan","and luxurious black interior. With features like Apple Carplay, Alloys, and Heated Seats, it offers both comfort and convenience. The 6 Cylinder engine and Automatic transmission provide a smooth ride, making it a great choice for your next journey. Don't miss out on this well-maintained gem with 85,000 miles!",". With features like Apple Carplay, Alloys, and Heated Seats, it offers both comfort and convenience. The 6 Cylinder engine and Automatic transmission provide a smooth ride, making it a great choice for your next journey. Don't miss out on this well-maintained gem with 85,000 miles!","=""2C3CCADG1NH270749"" data-year=""2022""  data-make=""Chrysler""  data-model=""300""  data-trim=""Touring L | LEATHER |KEYLESS |"">","https://autobunny-docs.s3.ca-central-1.amazonaws.com/1232/car/forsale/images/2025/11/2022_Chrysler_300_pic-dd33648a1f2ef15f0294e070d0960ef8.jpg|https://autobunny-docs.s3.ca-central-1.amazonaws.com/1232/web-content/logo-icon.png|https://www.peelcarsales.com/images/logo.png|https://autobunny-docs.s3.ca-central-1.amazonaws.com/common/design/welcome/welcome-car-21.jpg|https://autobunny-docs.s3.ca-central-1.amazonaws.com/common/design/welcome/welcome-car-45.jpg|https://autobunny-docs.s3.ca-central-1.amazonaws.com/common/design/car/style/sedan.png|https://autobunny-docs.s3.ca-central-1.amazonaws.com/common/design/car/style/pickup.png|https://autobunny-docs.s3.ca-central-1.amazonaws.com/common/design/car/style/suv.png|https://autobunny-docs.s3.ca-central-1.amazonaws.com/common/design/car/style/van.png|https://autobunny-docs.s3.ca-central-1.amazonaws.com/common/design/welcome/welcome-car-23-1.jpg|https://autobunny-docs.s3.ca-central-1.amazonaws.com/common/design/icon/select-arrow-black.png|https://autobunny-docs.s3.ca-central-1.amazonaws.com/common/design/icon/search-icon-gray.png","ABS Brakes|Air Conditioning|AM/FM Stereo|Backup Camera|Bluetooth|CD Player|Cruise Control|Cup Holder|Digital Clock|Driver Side Airbag|Entertainment System|Heated Exterior Mirrors|Keyless Entry|Low Tire Pressure Warning|Passenger Airbag|Power Locks|Power Mirrors|Rear Window Defroster|Satellite Radio|Tinted Glass","This 2022 Chrysler 300 Touring L is a sleek sedan with stylish white exterior and luxurious black interior. With features like Apple Carplay, Alloys, and Heated Seats, it offers both comfort and convenience. The 6 Cylinder engine and Automatic transmission provide a smooth ride, making it a great choice for your next journey. Don't miss out on this well-maintained gem with 85,000 miles!
KEY FEATURES: KEYLESS ENTRY, PUSH BUTTON START, PREMIUM ALLOY WHEELS, FRONT AND REAR PARKING SENSORS , BLINDSPOTS DETECTION, LEATHER SEATS , POWER SEATS ADJUSTMENTS, CRUISE CONTROL,
DUAL CLIMATE CONTROL, HEATED SEATS, APPLE CARPLAY / ANDRIOD AUTO , TRACTION CONTROL.","pending","2026-05-07T19:28:24.719Z"
"2018-Honda-CR-V-SUV-649310","Honda","CR-V","2018","23491","1500","gasoline","automatic","sedan","color=&amp;engine=&amp;fuel_type=&amp;inventorySearchTxt=&amp;submit=&amp;compare=""> Value Deals",":","=""2HKRW2H8XJH113437"" data-year=""2018""  data-make=""Honda""  data-model=""CR-V""  data-trim=""EX-L, Towing Package, Honda Sensing, Remote Start."">","https://autobunny-docs.s3.ca-central-1.amazonaws.com/1232/car/forsale/images/2025/11/2018_Honda_CR-V_pic-4e01820fd9c419a047bee9896909c376.jpg|https://autobunny-docs.s3.ca-central-1.amazonaws.com/1232/web-content/logo-icon.png|https://www.peelcarsales.com/images/logo.png|https://autobunny-docs.s3.ca-central-1.amazonaws.com/common/design/welcome/welcome-car-21.jpg|https://autobunny-docs.s3.ca-central-1.amazonaws.com/common/design/welcome/welcome-car-45.jpg|https://autobunny-docs.s3.ca-central-1.amazonaws.com/common/design/car/style/sedan.png|https://autobunny-docs.s3.ca-central-1.amazonaws.com/common/design/car/style/pickup.png|https://autobunny-docs.s3.ca-central-1.amazonaws.com/common/design/car/style/suv.png|https://autobunny-docs.s3.ca-central-1.amazonaws.com/common/design/car/style/van.png|https://autobunny-docs.s3.ca-central-1.amazonaws.com/common/design/welcome/welcome-car-23-1.jpg|https://autobunny-docs.s3.ca-central-1.amazonaws.com/common/design/icon/select-arrow-black.png|https://autobunny-docs.s3.ca-central-1.amazonaws.com/common/design/icon/search-icon-gray.png","","Key Feature:
All Wheel Drive | Sunroof | Leather Seats | Towing Package | Keyless Entry | Memory Seats Setting | Power Adjustable Seats | Lumber Support | Leather Seats | Steering Wheel Controls | Cruise Controls | Push Start | Infotainment System | Carplay &amp; Android Auto | Dual Climate Control | Heated Seats | Backup Camera | Brake Hold Feature | USB Ports | Rear AC Vents.","pending","2026-05-07T19:28:30.266Z"
"2018-Audi-Q5-SUV-649347","Audi","Q5","2018","2000","1500","gasoline","automatic","sedan","color=&amp;engine=&amp;fuel_type=&amp;inventorySearchTxt=&amp;submit=&amp;compare=""> Value Deals",":","g the Greater Toronto and adjoining areas since 2014.","https://autobunny-docs.s3.ca-central-1.amazonaws.com/1232/car/forsale/images/2025/11/2018_Audi_Q5_pic-c69305e26b2439506fae93eca29cbc6c.jpg|https://autobunny-docs.s3.ca-central-1.amazonaws.com/1232/web-content/logo-icon.png|https://www.peelcarsales.com/images/logo.png|https://autobunny-docs.s3.ca-central-1.amazonaws.com/common/design/welcome/welcome-car-21.jpg|https://autobunny-docs.s3.ca-central-1.amazonaws.com/common/design/welcome/welcome-car-45.jpg|https://autobunny-docs.s3.ca-central-1.amazonaws.com/common/design/car/style/sedan.png|https://autobunny-docs.s3.ca-central-1.amazonaws.com/common/design/car/style/pickup.png|https://autobunny-docs.s3.ca-central-1.amazonaws.com/common/design/car/style/suv.png|https://autobunny-docs.s3.ca-central-1.amazonaws.com/common/design/car/style/van.png|https://autobunny-docs.s3.ca-central-1.amazonaws.com/common/design/welcome/welcome-car-23-1.jpg|https://autobunny-docs.s3.ca-central-1.amazonaws.com/common/design/icon/select-arrow-black.png|https://autobunny-docs.s3.ca-central-1.amazonaws.com/common/design/icon/search-icon-gray.png","","Key Features: KEYLESS ENTRY, PUSH BUTTON START , PREMIUM ALLOYS, FRONT AND REAR PARKING SENSORS,
PREMIUM LEATHER SEATS, POWER ADJUSTMENTS SEATS, MEMORY SEATS, HEATED SEATS, BLUETOOTH,
HEATED STEERING WHEEL, PADDLE SHIFTERS, DUAL CLIMATE CONTROL, PANORAMIC ROOF, REARVIEW CAMERA,
REAR PARKING AID, DRIVE MODES AND MORE!
We are offering the LOWEST possible interest rates! Everyone is Approved!
_____________________
WE ARE OPEN 7 DAYS except for statutory holidays!
&hellip;&hellip;&hellip;&hellip;&hellip;&hellip;&hellip;&hellip;&hellip;&hellip;&hellip;&hellip;&hellip;&hellip;&hellip;&hellip;&hellip;&hellip;&hellip;&hellip;&hellip;&hellip;&hellip;&hellip;&hellip;&hellip;&hellip;&hellip;&hellip;&hellip;&hellip;&hellip;&hellip;&hellip;&hellip;&hellip;&hellip;.
HUNDRED PERCENT**PRICE MATCH POLICY** BASED ON TRIMS|KMS|CARFAX|COLOUR|
&hellip;&hellip;&hellip;&hellip;&hellip;&hellip;&hellip;&hellip;&hellip;&hellip;&hellip;&hellip;&hellip;&hellip;&hellip;&hellip;&hellip;&hellip;&hellip;&hellip;&hellip;&hellip;&hellip;&hellip;&hellip;&hellip;&hellip;&hellip;&hellip;&hellip;&hellip;&hellip;&hellip;&hellip;&hellip;&hellip;&hellip;&hellip;..
* FREE HOME DELIVERY BASED ON YOUR POSTAL CODE**
&hellip;&hellip;&hellip;&hellip;&hellip;&hellip;&hellip;&hellip;&hellip;&hellip;&hellip;&hellip;&hellip;&hellip;&hellip;&hellip;&hellip;&hellip;&hellip;&hellip;&hellip;&hellip;&hellip;&hellip;&hellip;&hellip;&hellip;&hellip;&hellip;&hellip;&hellip;&hellip;&hellip;&hellip;&hellip;&hellip;&hellip;&hellip;&hellip;
EXCHANGE POLICY: MAXIMUM 7 BUSINESS DAYS/1500 KMS IF DEALER CAN NOT FIX ISSUE/CONCERN.
&hellip;&hellip;&hellip;&hellip;&hellip;&hellip;&hellip;&hellip;&hellip;&hellip;&hellip;&hellip;&hellip;&hellip;&hellip;&hellip;&hellip;&hellip;&hellip;&hellip;&hellip;&hellip;&hellip;&hellip;&hellip;&hellip;&hellip;&hellip;&hellip;&hellip;&hellip;&hellip;&hellip;&hellip;&hellip;&hellip;&hellip;&hellip;.
OUR CERTIFIED PRE-OWNED PROGRAM ON 2024 AND 2025 MODELS IS ONLY
$499
OUR CERTIFIED PRE-OWNED PROGRAM ON 2023 AND BELOW MODELS IS ONLY
$799
***We must state this.... As Per Regulations: This vehicle is not certified e-tested not drivable. If the Safety and E-test is Purchased the vehicle is then drivable. This Safety and E-test fee is NOT mandatory to be paid, you can also take the vehicle to your own mechanic. ***
Looking to Finance a car and want to save money at the same time. We have redesigned our dealership for our customers and we offer vehicles on finance or lease with lowest possible interest rates O.A.C. Variable installation and delivery fees may apply.
Cash Purchases are most welcome for the same asking price. Variable admin fee may apply.
Dealer reserves the right to decline credit card purchases (credit card payments in excess of $2,000) at its sole and exclusive discretion.
Prices are subject to change without notice, please contact dealer for details.
We are now located at TWO LOCATIONS to serve you and your neighbourhood.
Mississauga - 2701 DERRY ROAD EAST, MISSISSAUGA, L4T 1A2
Oakville - 333 WYECROFT ROAD, OAKVILLE, L6K 2H2
While we try our best, information of the vehicle is not 100% accurate. Please contact the sales representative to confirm features of the car.
Peel Car Sales is a reputable and trustworthy used car dealership serving the Greater Toronto and adjoining areas since 2014.
Call or text us direct, AT 1(647)678-7778. (FACETIME/WHATSAPP)","pending","2026-05-07T19:28:35.735Z"
"2018-Jeep-Grand-Cherokee-SUV-655973","Jeep","Grand Cherokee","2018","2000","1500","gasoline","automatic","sedan","color=&amp;engine=&amp;fuel_type=&amp;inventorySearchTxt=&amp;submit=&amp;compare=""> Value Deals","Trim -inc: Simulated Wood/Metal-Look Instrument Panel Insert, Simulated Wood Door Panel Insert, Metal-Look Console Insert and Chrome/Metal-Look Interior Accents","=""1C4RJFBG6JC448616"" data-year=""2018""  data-make=""Jeep""  data-model=""Grand Cherokee""  data-trim=""Limited 4x4, Remote Start, Sunroof, Premium Leather Seats."">","https://autobunny-docs.s3.ca-central-1.amazonaws.com/1232/car/forsale/images/2025/12/pic-91002ae4b3b82dd89b1da79c73aa8548.jpg|https://autobunny-docs.s3.ca-central-1.amazonaws.com/1232/web-content/logo-icon.png|https://www.peelcarsales.com/images/logo.png|https://autobunny-docs.s3.ca-central-1.amazonaws.com/common/design/welcome/welcome-car-21.jpg|https://autobunny-docs.s3.ca-central-1.amazonaws.com/common/design/welcome/welcome-car-45.jpg|https://autobunny-docs.s3.ca-central-1.amazonaws.com/common/design/car/style/sedan.png|https://autobunny-docs.s3.ca-central-1.amazonaws.com/common/design/car/style/pickup.png|https://autobunny-docs.s3.ca-central-1.amazonaws.com/common/design/car/style/suv.png|https://autobunny-docs.s3.ca-central-1.amazonaws.com/common/design/car/style/van.png|https://autobunny-docs.s3.ca-central-1.amazonaws.com/common/design/welcome/welcome-car-23-1.jpg|https://autobunny-docs.s3.ca-central-1.amazonaws.com/common/design/icon/select-arrow-black.png|https://autobunny-docs.s3.ca-central-1.amazonaws.com/common/design/icon/search-icon-gray.png","ABS Brakes|Air Conditioning|AM/FM Stereo|Auto Dimming Mirrors|Backup Camera|Bluetooth|CD Player|Cruise Control|Cup Holder|Digital Clock|Driver Side Airbag|Entertainment System|Fog Lights|Heated Exterior Mirrors|Keyless Entry|Low Tire Pressure Warning|Passenger Airbag|Power Locks|Power Mirrors|Rear Window Defroster","Key Features:
NAVIGATION, KEYLESS ENTRY, HEATED SIDE MIRRORS, POWER ADJUSTABLE SEATS,
LUMBAR SUPPORT, CRUISE CONTROL, PUSH START BUTTON, DUAL CLIMATE CONTROL,
REAR VIEW CAMERA WITH PARKING AIDS, HEATED SEATS, HEATED STEERING WHEEL,
DIFFERENT MODE OF DRIVE, SUNROOF, PREMIUM LEATHER SEATS, REAR HEATED SEATS,
REAR AC VENTS, REMOTE START.","pending","2026-05-07T19:28:41.246Z"
"2026-Kia-Seltos-SUV-660306","Kia","Seltos","2026","2000","1500","gasoline","automatic","sedan","and black interior make for a classy combination. Equipped with all-wheel drive and a 4-cylinder engine, this Seltos is both practical and fun to drive. Don't miss out on this fantastic opportunity!","make for a classy combination. Equipped with all-wheel drive and a 4-cylinder engine, this Seltos is both practical and fun to drive. Don't miss out on this fantastic opportunity!","=""KNDEUCAA8T7834337"" data-year=""2026""  data-make=""Kia""  data-model=""Seltos""  data-trim=""S, AWD, Sunroof, BSM, Back Camera. Adaptive Cruise Control."">","https://autobunny-docs.s3.ca-central-1.amazonaws.com/1232/car/forsale/images/2026/03/pic-efb4b294d78a563f86c9bc2e64ee481b.jpg|https://autobunny-docs.s3.ca-central-1.amazonaws.com/1232/web-content/logo-icon.png|https://www.peelcarsales.com/images/logo.png|https://autobunny-docs.s3.ca-central-1.amazonaws.com/common/design/welcome/welcome-car-21.jpg|https://autobunny-docs.s3.ca-central-1.amazonaws.com/common/design/welcome/welcome-car-45.jpg|https://autobunny-docs.s3.ca-central-1.amazonaws.com/common/design/car/style/sedan.png|https://autobunny-docs.s3.ca-central-1.amazonaws.com/common/design/car/style/pickup.png|https://autobunny-docs.s3.ca-central-1.amazonaws.com/common/design/car/style/suv.png|https://autobunny-docs.s3.ca-central-1.amazonaws.com/common/design/car/style/van.png|https://autobunny-docs.s3.ca-central-1.amazonaws.com/common/design/welcome/welcome-car-23-1.jpg|https://autobunny-docs.s3.ca-central-1.amazonaws.com/common/design/icon/select-arrow-black.png|https://autobunny-docs.s3.ca-central-1.amazonaws.com/common/design/icon/search-icon-gray.png","Cross Bars|Lifestyle Hitch|Wheel Locks|Mud Guards|Auto-Dimming Mirror W/HomeLink|Cargo Tray, Reversible|First Aid Kit, Small|Cargo Cover|Cargo Net, Floor|Glossy Black Door Garnish Package|Carpeted Floor Mats|Roadside Assistance Kit","Check out this sleek 2026 Kia Seltos! With only some kms on the odometer, this stylish SUV is ready to hit the road. The dark grey exterior and black interior make for a classy combination. Equipped with all-wheel drive and a 4-cylinder engine, this Seltos is both practical and fun to drive. Don't miss out on this fantastic opportunity!
&nbsp;
Key Features:
ALLOY WHEELS, BLIND SPORT MONITORING, KEYLESS ENTRY, TRACTION CONTROL, ADAPTIVE CRUISE CONTROL, PUSH BUTTON START, ANDROID AUTO AND APPLE CARPLAY, REAR VIEW CAMERA WITH PARKING AIDS, DUAL ZONE CLIMATE CONTROL, USB PORTS, HEATED STEERING WHEEL, HEATED SEATS, DIFFERENT MODE OF DRIVE, SUNROOF, REAR AC VENTS, LEATHER SEATS AND MANY MORE.","pending","2026-05-07T19:28:46.674Z"
"2019-Land-Rover-Range-Rover-Velar-SUV-649428","Land","Rover Range Rover Velar","2019","33491","1500","gasoline","automatic","sedan","color=&amp;engine=&amp;fuel_type=&amp;inventorySearchTxt=&amp;submit=&amp;compare=""> Value Deals",":","=""SALym2ev0ka203967"" data-year=""2019""  data-make=""Land Rover""  data-model=""Range Rover Velar""  data-trim=""P380 R-Dynamic HSE, Heads up Display, Massage seats."">","https://autobunny-docs.s3.ca-central-1.amazonaws.com/1232/car/forsale/images/2025/11/pic-54e4374cdac66d72b6e0e231a6c93506.jpg|https://autobunny-docs.s3.ca-central-1.amazonaws.com/1232/web-content/logo-icon.png|https://www.peelcarsales.com/images/logo.png|https://autobunny-docs.s3.ca-central-1.amazonaws.com/common/design/welcome/welcome-car-21.jpg|https://autobunny-docs.s3.ca-central-1.amazonaws.com/common/design/welcome/welcome-car-45.jpg|https://autobunny-docs.s3.ca-central-1.amazonaws.com/common/design/car/style/sedan.png|https://autobunny-docs.s3.ca-central-1.amazonaws.com/common/design/car/style/pickup.png|https://autobunny-docs.s3.ca-central-1.amazonaws.com/common/design/car/style/suv.png|https://autobunny-docs.s3.ca-central-1.amazonaws.com/common/design/car/style/van.png|https://autobunny-docs.s3.ca-central-1.amazonaws.com/common/design/welcome/welcome-car-23-1.jpg|https://autobunny-docs.s3.ca-central-1.amazonaws.com/common/design/icon/select-arrow-black.png|https://autobunny-docs.s3.ca-central-1.amazonaws.com/common/design/icon/search-icon-gray.png","","Key Features:
Alloy Wheels, Blind Spot Monitoring, Side Mirror Defogger, Keyless Entry, Memory Seats, Power Adjustable Seats, Lumber Support, Meridian Surround System, Steering Wheel Control Buttons, Heads up Display, Digital Cluster, Heated Steering Wheel, Adaptive Cruise Control, Paddle Shifter, Push Start Button, Dual Multimedia Screen, Different Mode of Drive, Apple Carplay &amp; Android Auto, Navigation, Rear View Camera With Parking Aids, Valet Mode, Ambient Lighting, Massage Seats Function, Dual Climate Control, Vented Seats, Power Trunk, Panoramic Roof, Premium Fabric Seats, Rear Heated Seats and AC Vents.","pending","2026-05-07T19:28:52.118Z"
"2022-Tesla-Model-Y-SUV-676730","Tesla","Model Y","2022","35990","1500","gasoline","automatic","sedan","and spacious 7-passenger limited edition trim, this AWD beauty is perfect for your next adventure. Don't miss the chance to drive home in style and comfort."">","-inc: power adjustable heated front seats, heated rear seats and custom driver profiles, 2nd row w/adjustable seatbacks, fold-flat 2nd row for maximum cargo storage and electronic fold-flat releases in trunk","=""7SAYGAEE5NF385026"" data-year=""2022""  data-make=""Tesla""  data-model=""Model Y""  data-trim=""Long Range, AWD, 7 Passenger Limited Edition."">","https://autobunny-docs.s3.ca-central-1.amazonaws.com/1232/car/forsale/images/2026/03/pic-b2f0fda9d14827cb97817e6528481d35.jpg|https://autobunny-docs.s3.ca-central-1.amazonaws.com/1232/web-content/logo-icon.png|https://www.peelcarsales.com/images/logo.png|https://autobunny-docs.s3.ca-central-1.amazonaws.com/common/design/welcome/welcome-car-21.jpg|https://autobunny-docs.s3.ca-central-1.amazonaws.com/common/design/welcome/welcome-car-45.jpg|https://autobunny-docs.s3.ca-central-1.amazonaws.com/common/design/car/style/sedan.png|https://autobunny-docs.s3.ca-central-1.amazonaws.com/common/design/car/style/pickup.png|https://autobunny-docs.s3.ca-central-1.amazonaws.com/common/design/car/style/suv.png|https://autobunny-docs.s3.ca-central-1.amazonaws.com/common/design/car/style/van.png|https://autobunny-docs.s3.ca-central-1.amazonaws.com/common/design/welcome/welcome-car-23-1.jpg|https://autobunny-docs.s3.ca-central-1.amazonaws.com/common/design/icon/select-arrow-black.png|https://autobunny-docs.s3.ca-central-1.amazonaws.com/common/design/icon/search-icon-gray.png","ABS Brakes|Air Conditioning|AM/FM Stereo|Auto Dimming Mirrors|Backup Camera|Bluetooth|CD Player|Cruise Control|Cup Holder|Digital Clock|Driver Side Airbag|Entertainment System|Fog Lights|Heated Exterior Mirrors|Keyless Entry|Low Tire Pressure Warning|Passenger Airbag|Power Locks|Power Mirrors|Rear Window Defroster","SPECIAL FINANCE RATES FOR ELECTRIC VEHICLES **&nbsp;
Check out this sleek 2022 Tesla Model Y SUV! With a striking black exterior and spacious 7-passenger limited edition trim, this AWD beauty is perfect for your next adventure. Don't miss the chance to drive home in style and comfort.","pending","2026-05-07T19:28:57.552Z"
"2026-Toyota-RAV4-SUV-678442","Toyota","RAV4","2026","2000","1500","gasoline","automatic","sedan","color=&amp;engine=&amp;fuel_type=&amp;inventorySearchTxt=&amp;submit=&amp;compare=""> Value Deals",":","=""2T36CRAV7TC003933"" data-year=""2026""  data-make=""Toyota""  data-model=""RAV4""  data-trim=""XLE"">","https://autobunny-docs.s3.ca-central-1.amazonaws.com/1232/car/forsale/images/2026/04/pic-9d17a46c77334fa0cb294204f471202a.jpg|https://autobunny-docs.s3.ca-central-1.amazonaws.com/1232/web-content/logo-icon.png|https://www.peelcarsales.com/images/logo.png|https://autobunny-docs.s3.ca-central-1.amazonaws.com/common/design/welcome/welcome-car-21.jpg|https://autobunny-docs.s3.ca-central-1.amazonaws.com/common/design/welcome/welcome-car-45.jpg|https://autobunny-docs.s3.ca-central-1.amazonaws.com/common/design/car/style/sedan.png|https://autobunny-docs.s3.ca-central-1.amazonaws.com/common/design/car/style/pickup.png|https://autobunny-docs.s3.ca-central-1.amazonaws.com/common/design/car/style/suv.png|https://autobunny-docs.s3.ca-central-1.amazonaws.com/common/design/car/style/van.png|https://autobunny-docs.s3.ca-central-1.amazonaws.com/common/design/welcome/welcome-car-23-1.jpg|https://autobunny-docs.s3.ca-central-1.amazonaws.com/common/design/icon/select-arrow-black.png|https://autobunny-docs.s3.ca-central-1.amazonaws.com/common/design/icon/search-icon-gray.png","ABS Brakes|AM/FM Stereo|CD Player|Entertainment System|Satellite Radio|Traction Control|Daytime Running Lights - Included|Automatic Headlights - Included|Hid Headlights - Not Available|Headlights-Auto-Leveling - Not Available|Night Vision - Not Available|Integrated Turn Signal Mirrors - Included|Auto-Dimming Rearview Mirror - Included|Smart Device Integration - Included|Apple Carplay - Included|Android Auto - Included|Wifi Hotspot - Included|Bluetooth Connection - Included|Power Outlet - Not Available|Wireless Charging - Not Available","NEW ARRIVAL","pending","2026-05-07T19:29:03.066Z"
"2020-Toyota-RAV4-SUV-677242","Toyota","RAV4","2020","26991","1500","gasoline","automatic","sedan","color=&amp;engine=&amp;fuel_type=&amp;inventorySearchTxt=&amp;submit=&amp;compare=""> Value Deals","Trim -inc: Metal-Look Interior Accents","=""2T3B1RFV9LC089520"" data-year=""2020""  data-make=""Toyota""  data-model=""RAV4""  data-trim=""LE, Apple Carplay, Heated Seats, Adaptive Cruise Control"">","https://autobunny-docs.s3.ca-central-1.amazonaws.com/1232/car/forsale/images/2026/04/pic-5f779e8cb52da445a4f5804201e90dc9.jpg|https://autobunny-docs.s3.ca-central-1.amazonaws.com/1232/web-content/logo-icon.png|https://www.peelcarsales.com/images/logo.png|https://autobunny-docs.s3.ca-central-1.amazonaws.com/common/design/welcome/welcome-car-21.jpg|https://autobunny-docs.s3.ca-central-1.amazonaws.com/common/design/welcome/welcome-car-45.jpg|https://autobunny-docs.s3.ca-central-1.amazonaws.com/common/design/car/style/sedan.png|https://autobunny-docs.s3.ca-central-1.amazonaws.com/common/design/car/style/pickup.png|https://autobunny-docs.s3.ca-central-1.amazonaws.com/common/design/car/style/suv.png|https://autobunny-docs.s3.ca-central-1.amazonaws.com/common/design/car/style/van.png|https://autobunny-docs.s3.ca-central-1.amazonaws.com/common/design/welcome/welcome-car-23-1.jpg|https://autobunny-docs.s3.ca-central-1.amazonaws.com/common/design/icon/select-arrow-black.png|https://autobunny-docs.s3.ca-central-1.amazonaws.com/common/design/icon/search-icon-gray.png","ABS Brakes|Air Conditioning|AM/FM Stereo|Backup Camera|Bluetooth|CD Player|Cruise Control|Cup Holder|Digital Clock|Driver Side Airbag|Entertainment System|Keyless Entry|Low Tire Pressure Warning|Passenger Airbag|Power Locks|Power Mirrors|Rear Window Defroster|Tinted Glass|Traction Control|Trip Odometer","Key Features:
ALLOY WHEEL, BLIND SPOT, REAR VIEW CAMERA WITH PARKING AIDS, APPLE CARPLAY AND ANDROID AUTO, HEATED SEATS, ADAPTIVE CRUISE CONTROL, HEATED AND VENTED SEATS, TRACTION CONTROL, ADAPTIVE CRUISE CONTROL, ADJUSTABLE SEATS, PREMIUM FABRIC SEATS, AND MANY MORE FEATURES.","pending","2026-05-07T19:29:08.737Z"
"2018-Mercedes-Benz-C-Class-Sedan-676987","Mercedes-Benz","C-Class","2018","20991","1500","gasoline","automatic","sedan","color=&amp;engine=&amp;fuel_type=&amp;inventorySearchTxt=&amp;submit=&amp;compare=""> Value Deals",":","=""55SWF4KB7JU278409"" data-year=""2018""  data-make=""Mercedes-Benz""  data-model=""C-Class""  data-trim=""C 300, Panoramic roof,  Heated Steering."">","https://autobunny-docs.s3.ca-central-1.amazonaws.com/1232/car/forsale/images/2026/04/pic-2089fdada99f66ef621a62b2b1e31bcd.jpg|https://autobunny-docs.s3.ca-central-1.amazonaws.com/1232/web-content/logo-icon.png|https://www.peelcarsales.com/images/logo.png|https://autobunny-docs.s3.ca-central-1.amazonaws.com/common/design/welcome/welcome-car-21.jpg|https://autobunny-docs.s3.ca-central-1.amazonaws.com/common/design/welcome/welcome-car-45.jpg|https://autobunny-docs.s3.ca-central-1.amazonaws.com/common/design/car/style/sedan.png|https://autobunny-docs.s3.ca-central-1.amazonaws.com/common/design/car/style/pickup.png|https://autobunny-docs.s3.ca-central-1.amazonaws.com/common/design/car/style/suv.png|https://autobunny-docs.s3.ca-central-1.amazonaws.com/common/design/car/style/van.png|https://autobunny-docs.s3.ca-central-1.amazonaws.com/common/design/welcome/welcome-car-23-1.jpg|https://autobunny-docs.s3.ca-central-1.amazonaws.com/common/design/icon/select-arrow-black.png|https://autobunny-docs.s3.ca-central-1.amazonaws.com/common/design/icon/search-icon-gray.png","ABS Brakes|AM/FM Stereo|CD Player|Entertainment System|Satellite Radio|Traction Control|Daytime Running Lights - Included|Automatic Headlights - Included|Hid Headlights - Not Available|Headlights-Auto-Leveling - Not Available|Night Vision - Not Available|Integrated Turn Signal Mirrors - Included|Auto-Dimming Rearview Mirror - Included|Smart Device Integration - Included|Apple Carplay - Not Available|Android Auto - Not Available|Wifi Hotspot - Not Available|Bluetooth Connection - Included|Power Outlet - Not Available|Wireless Charging - Not Available","Key Features:
ALLOY WHEELS, KEYLESS ENTRY, BILND SPOT MONITORING, MEMORY SEATS, POWER ADJUSTABLE SEATS, HEATED SEATS, PADDLE SHIFTERS, CRUISE CONTROL, HEATED STEERING WHEEL, PUSH START, TRACTION CONTROL, NAVIGATION, REAR VIEW CAMERA WITH PARKING AIDS, DUAL ZONE CLIMATE CONTROL, DIFFERENT MODE OF DRIVE, BLUETOOTH, PREMIUM LEATHER SEATS, SUNROOF, AND MUCH MORE","pending","2026-05-07T19:29:14.164Z"
"2023-Mazda-CX-9-SUV-676977","Mazda","CX-9","2023","35499","1500","gasoline","automatic","sedan","color=&amp;engine=&amp;fuel_type=&amp;inventorySearchTxt=&amp;submit=&amp;compare=""> Value Deals",":","=""JM3TCBDY0P0655258"" data-year=""2023""  data-make=""Mazda""  data-model=""CX-9""  data-trim=""GT All-wheel Drive, SUNROOF, LEATHER SEATS, 7 PASSENGERS"">","https://autobunny-docs.s3.ca-central-1.amazonaws.com/1232/car/forsale/images/2026/04/pic-0dea46546353118f6a0e83825ce42cdd.jpg|https://autobunny-docs.s3.ca-central-1.amazonaws.com/1232/web-content/logo-icon.png|https://www.peelcarsales.com/images/logo.png|https://autobunny-docs.s3.ca-central-1.amazonaws.com/common/design/welcome/welcome-car-21.jpg|https://autobunny-docs.s3.ca-central-1.amazonaws.com/common/design/welcome/welcome-car-45.jpg|https://autobunny-docs.s3.ca-central-1.amazonaws.com/common/design/car/style/sedan.png|https://autobunny-docs.s3.ca-central-1.amazonaws.com/common/design/car/style/pickup.png|https://autobunny-docs.s3.ca-central-1.amazonaws.com/common/design/car/style/suv.png|https://autobunny-docs.s3.ca-central-1.amazonaws.com/common/design/car/style/van.png|https://autobunny-docs.s3.ca-central-1.amazonaws.com/common/design/welcome/welcome-car-23-1.jpg|https://autobunny-docs.s3.ca-central-1.amazonaws.com/common/design/icon/select-arrow-black.png|https://autobunny-docs.s3.ca-central-1.amazonaws.com/common/design/icon/search-icon-gray.png","ABS Brakes|AM/FM Stereo|CD Player|Entertainment System|Satellite Radio|Traction Control|Daytime Running Lights - Included|Automatic Headlights - Included|Hid Headlights - Not Available|Headlights-Auto-Leveling - Included|Night Vision - Not Available|Integrated Turn Signal Mirrors - Included|Auto-Dimming Rearview Mirror - Included|Smart Device Integration - Included|Apple Carplay - Included|Android Auto - Included|Wifi Hotspot - Not Available|Bluetooth Connection - Included|Power Outlet - Not Available|Wireless Charging - Not Available","Key Features:
ALLOY WHEELS, KEYLESS ENTRY, TRACTION CONTROL, BOSE AUDIO SYSTEM, ADAPTIVE CRUISE CONTROL, LUMBER SUPPORT, MEMORY SEATS, ADAPTIVE CRUISE CONTROL, PADDLE SHIFTER, PUSH BUTTON START, HEADSUP DISPLAY, NAVIGATION, APPLE CARPLAY AND ANDROID AUTO, REAR VIEW CAMERA WITH PARKING AIDS, HEATED SEATS, VENTED SEATS, HEATED STEERING WHEEL, DUAL ZONE CLIMATE CONTROL, AUTO HOLD, DIFFERENT MODE OF DRIVE LEATHER SEATS, SUNROOF, REAR AV VENTS AND TEMPERATURE CONTROL, AND MANY MORE.&nbsp;","pending","2026-05-07T19:29:19.603Z"
"2022-Honda-CR-V-SUV-676252","Honda","CR-V","2022","28499","1500","gasoline","automatic","sedan","color=&amp;engine=&amp;fuel_type=&amp;inventorySearchTxt=&amp;submit=&amp;compare=""> Value Deals",":","=""2HKRW2H40NH205076"" data-year=""2022""  data-make=""Honda""  data-model=""CR-V""  data-trim=""Sport, Adaptive Cruise Control, Remote Start, Leather Seats."">","https://autobunny-docs.s3.ca-central-1.amazonaws.com/1232/car/forsale/images/2026/04/pic-b0701095b31f2e08a1ccccd94f3aa255.jpg|https://autobunny-docs.s3.ca-central-1.amazonaws.com/1232/web-content/logo-icon.png|https://www.peelcarsales.com/images/logo.png|https://autobunny-docs.s3.ca-central-1.amazonaws.com/common/design/welcome/welcome-car-21.jpg|https://autobunny-docs.s3.ca-central-1.amazonaws.com/common/design/welcome/welcome-car-45.jpg|https://autobunny-docs.s3.ca-central-1.amazonaws.com/common/design/car/style/sedan.png|https://autobunny-docs.s3.ca-central-1.amazonaws.com/common/design/car/style/pickup.png|https://autobunny-docs.s3.ca-central-1.amazonaws.com/common/design/car/style/suv.png|https://autobunny-docs.s3.ca-central-1.amazonaws.com/common/design/car/style/van.png|https://autobunny-docs.s3.ca-central-1.amazonaws.com/common/design/welcome/welcome-car-23-1.jpg|https://autobunny-docs.s3.ca-central-1.amazonaws.com/common/design/icon/select-arrow-black.png|https://autobunny-docs.s3.ca-central-1.amazonaws.com/common/design/icon/search-icon-gray.png","ABS Brakes|AM/FM Stereo|CD Player|Entertainment System|Satellite Radio|Traction Control|Daytime Running Lights - Included|Automatic Headlights - Included|Hid Headlights - Not Available|Headlights-Auto-Leveling - Not Available|Night Vision - Not Available|Integrated Turn Signal Mirrors - Included|Auto-Dimming Rearview Mirror - Not Available|Smart Device Integration - Included|Apple Carplay - Included|Android Auto - Included|Wifi Hotspot - Not Available|Bluetooth Connection - Included|Power Outlet - Not Available|Wireless Charging - Not Available","Key Features:
ALLOY WHEELS, TRACTION CONTROL, POWER ADJUSTABLE SEATS, LUMBER SUPPORT, LEATHER SEATS, ADAPTIVE CRUISE CONTROL, HEATED STEERING WHEEL, PUSH BUTTON START, APPLE CARPLAY AND ANDROID AUTO, REAR VIEW CAMERA WITH PARKING AIDS, HEATED SEATS, HEATED STEERING WHEEL, DUAL ZONE CLIMATE CONTROL, BRAKE HOLD, ECO MODE, USB PORTS, SUNROOF, PUSH START BUTTON, REAR VIEW AC VENTS, AND MANY MORE","pending","2026-05-07T19:29:25.020Z"
"2017-Chevrolet-Traverse-SUV-675324","Chevrolet","Traverse","2017","2000","250760","gasoline","automatic","sedan","and comfortable black interior, this car is sure to turn heads. Don't miss out on the opportunity to own this versatile and well-maintained vehicle with 250,760 KMmon it. Contact us today to schedule a test drive!"">",", this car is sure to turn heads. Don't miss out on the opportunity to own this versatile and well-maintained vehicle with 250,760 KMmon it. Contact us today to schedule a test drive!"">","=""1GNKVGKD3HJ204890"" data-year=""2017""  data-make=""Chevrolet""  data-model=""Traverse""  data-trim=""1LT | AWD | Fresh Trade |"">","https://autobunny-docs.s3.ca-central-1.amazonaws.com/1232/car/forsale/images/2026/03/pic-8c95ef984038a3f33153d066cf6c61e5.jpg|https://autobunny-docs.s3.ca-central-1.amazonaws.com/1232/web-content/logo-icon.png|https://www.peelcarsales.com/images/logo.png|https://autobunny-docs.s3.ca-central-1.amazonaws.com/common/design/welcome/welcome-car-21.jpg|https://autobunny-docs.s3.ca-central-1.amazonaws.com/common/design/welcome/welcome-car-45.jpg|https://autobunny-docs.s3.ca-central-1.amazonaws.com/common/design/car/style/sedan.png|https://autobunny-docs.s3.ca-central-1.amazonaws.com/common/design/car/style/pickup.png|https://autobunny-docs.s3.ca-central-1.amazonaws.com/common/design/car/style/suv.png|https://autobunny-docs.s3.ca-central-1.amazonaws.com/common/design/car/style/van.png|https://autobunny-docs.s3.ca-central-1.amazonaws.com/common/design/welcome/welcome-car-23-1.jpg|https://autobunny-docs.s3.ca-central-1.amazonaws.com/common/design/icon/select-arrow-black.png|https://autobunny-docs.s3.ca-central-1.amazonaws.com/common/design/icon/search-icon-gray.png","Air Conditioning|AM/FM Stereo|Bluetooth|CD Player|Cruise Control|Entertainment System|Fog Lights|Heated Exterior Mirrors|Keyless Entry|Navigation System|Power Mirrors|Satellite Radio|Tinted Glass|Traction Control|Trip Odometer|Door handles, chrome|Moldings, body-color bodyside|Wheels: 18"" x 7.5"" Machined Aluminum (4)|Tires: P255/65R18 AS BW|Wiper, rear intermittent with washer","SOLD AS IS due to company policy. Fresh Trade.&nbsp;
&nbsp;
This 2017 Chevrolet Traverse 1LT AWD SUV is a reliable and spacious choice for your everyday adventures. With its sleek white exterior and comfortable black interior, this car is sure to turn heads. Don't miss out on the opportunity to own this versatile and well-maintained vehicle with 250,760 KMmon it. Contact us today to schedule a test drive!","pending","2026-05-07T19:29:31.341Z"
"2022-Hyundai-Sonata-Hybrid-Sedan-660828","Hyundai","Sonata Hybrid","2022","23500","63000","gasoline","automatic","sedan",", panoramic sunroof, navigation system, and a fuel-efficient 4-cylinder engine, this sedan is perfect for your daily commute. The 63,000 KMS on this beauty make it a reliable choice for your next ride. Don't miss out on the chance to own this stunning car!"">",":","=""KMHL34JJ2NA045604"" data-year=""2022""  data-make=""Hyundai""  data-model=""Sonata Hybrid""  data-trim=""Ultimate, NAVIGATION, PANOROOF"">","https://autobunny-docs.s3.ca-central-1.amazonaws.com/1232/car/forsale/images/2026/01/pic-0440b4a6ea6107394cdf70d96ac161f5.jpg|https://autobunny-docs.s3.ca-central-1.amazonaws.com/1232/web-content/logo-icon.png|https://www.peelcarsales.com/images/logo.png|https://autobunny-docs.s3.ca-central-1.amazonaws.com/common/design/welcome/welcome-car-21.jpg|https://autobunny-docs.s3.ca-central-1.amazonaws.com/common/design/welcome/welcome-car-45.jpg|https://autobunny-docs.s3.ca-central-1.amazonaws.com/common/design/car/style/sedan.png|https://autobunny-docs.s3.ca-central-1.amazonaws.com/common/design/car/style/pickup.png|https://autobunny-docs.s3.ca-central-1.amazonaws.com/common/design/car/style/suv.png|https://autobunny-docs.s3.ca-central-1.amazonaws.com/common/design/car/style/van.png|https://autobunny-docs.s3.ca-central-1.amazonaws.com/common/design/welcome/welcome-car-23-1.jpg|https://autobunny-docs.s3.ca-central-1.amazonaws.com/common/design/icon/select-arrow-black.png|https://autobunny-docs.s3.ca-central-1.amazonaws.com/common/design/icon/search-icon-gray.png","ABS Brakes|AM/FM Stereo|CD Player|Entertainment System|Satellite Radio|Traction Control|Daytime Running Lights - Included|Automatic Headlights - Included|Hid Headlights - Not Available|Headlights-Auto-Leveling - Not Available|Night Vision - Not Available|Integrated Turn Signal Mirrors - Included|Auto-Dimming Rearview Mirror - Included|Smart Device Integration - Included|Apple Carplay - Included|Android Auto - Included|Wifi Hotspot - Not Available|Bluetooth Connection - Included|Power Outlet - Not Available|Wireless Charging - Not Available","Check out this sleek 2022 Hyundai Sonata Hybrid Ultimate! With a stylish black exterior, panoramic sunroof, navigation system, and a fuel-efficient 4-cylinder engine, this sedan is perfect for your daily commute. The 63,000 KMS on this beauty make it a reliable choice for your next ride. Don't miss out on the chance to own this stunning car!","pending","2026-05-07T19:29:36.870Z"
"2022-Volkswagen-Jetta-Sedan-674554","Volkswagen","Jetta","2022","2000","73300","gasoline","automatic","sedan","color=&amp;engine=&amp;fuel_type=&amp;inventorySearchTxt=&amp;submit=&amp;compare=""> Value Deals","- it's a great choice for both daily commutes and weekend adventures!","=""3VWEM7BUXNM004495"" data-year=""2022""  data-make=""Volkswagen""  data-model=""Jetta""  data-trim=""Comfortline, Back Camera, Alloy Wheels, Apple Carplay."">","https://autobunny-docs.s3.ca-central-1.amazonaws.com/1232/car/forsale/images/2026/04/pic-8aa78f1622b1164e63ae0561531217f3.jpg|https://autobunny-docs.s3.ca-central-1.amazonaws.com/1232/web-content/logo-icon.png|https://www.peelcarsales.com/images/logo.png|https://autobunny-docs.s3.ca-central-1.amazonaws.com/common/design/welcome/welcome-car-21.jpg|https://autobunny-docs.s3.ca-central-1.amazonaws.com/common/design/welcome/welcome-car-45.jpg|https://autobunny-docs.s3.ca-central-1.amazonaws.com/common/design/car/style/sedan.png|https://autobunny-docs.s3.ca-central-1.amazonaws.com/common/design/car/style/pickup.png|https://autobunny-docs.s3.ca-central-1.amazonaws.com/common/design/car/style/suv.png|https://autobunny-docs.s3.ca-central-1.amazonaws.com/common/design/car/style/van.png|https://autobunny-docs.s3.ca-central-1.amazonaws.com/common/design/welcome/welcome-car-23-1.jpg|https://autobunny-docs.s3.ca-central-1.amazonaws.com/common/design/icon/select-arrow-black.png|https://autobunny-docs.s3.ca-central-1.amazonaws.com/common/design/icon/search-icon-gray.png","ABS Brakes|AM/FM Stereo|CD Player|Entertainment System|Satellite Radio|Traction Control|Daytime Running Lights - Included|Automatic Headlights - Included|Hid Headlights - Not Available|Headlights-Auto-Leveling - Not Available|Night Vision - Not Available|Integrated Turn Signal Mirrors - Not Available|Auto-Dimming Rearview Mirror - Included|Smart Device Integration - Included|Apple Carplay - Included|Android Auto - Included|Wifi Hotspot - Included|Bluetooth Connection - Included|Power Outlet - Not Available|Wireless Charging - Included","This 2022 Volkswagen Jetta Comfortline is a sleek sedan with modern features like a back camera, alloy wheels, and Apple Carplay. With only 73,300 kms on the 4-cylinder engine, this automatic FWD car is both stylish and reliable. Don't miss out on this silver beauty with a black interior - it's a great choice for both daily commutes and weekend adventures!
&nbsp;
Key Features:
Alloy Wheels, Blind Spot, Keyless Entry, Power Adjustable Seats, Lumber Support, Premium Leather Seats, Adaptive Cruise Control, Heated Steering Wheel, Heated Seats, Dual Climate Control, Apple Carplay &amp; Android Auto, C-Type Ports, Push Start Button, Different Mode of Drive, Sunroof, Premium Leather Seats.
&nbsp;","pending","2026-05-07T19:29:42.294Z"
"2016-Mercedes-Benz-C-Class-Sedan-665921","Mercedes-Benz","C-Class","2016","2000","1500","gasoline","automatic","sedan","color=&amp;engine=&amp;fuel_type=&amp;inventorySearchTxt=&amp;submit=&amp;compare=""> Value Deals",":","=""55SWF4KB7GU142435"" data-year=""2016""  data-make=""Mercedes-Benz""  data-model=""C-Class""  data-trim=""C300, Navigation, Backup Camera"">","https://autobunny-docs.s3.ca-central-1.amazonaws.com/1232/car/forsale/images/2026/02/pic-214aa804e0bce62bbc7c2605f2b5ce69.jpg|https://autobunny-docs.s3.ca-central-1.amazonaws.com/1232/web-content/logo-icon.png|https://www.peelcarsales.com/images/logo.png|https://autobunny-docs.s3.ca-central-1.amazonaws.com/common/design/welcome/welcome-car-21.jpg|https://autobunny-docs.s3.ca-central-1.amazonaws.com/common/design/welcome/welcome-car-45.jpg|https://autobunny-docs.s3.ca-central-1.amazonaws.com/common/design/car/style/sedan.png|https://autobunny-docs.s3.ca-central-1.amazonaws.com/common/design/car/style/pickup.png|https://autobunny-docs.s3.ca-central-1.amazonaws.com/common/design/car/style/suv.png|https://autobunny-docs.s3.ca-central-1.amazonaws.com/common/design/car/style/van.png|https://autobunny-docs.s3.ca-central-1.amazonaws.com/common/design/welcome/welcome-car-23-1.jpg|https://autobunny-docs.s3.ca-central-1.amazonaws.com/common/design/icon/select-arrow-black.png|https://autobunny-docs.s3.ca-central-1.amazonaws.com/common/design/icon/search-icon-gray.png","ABS Brakes|AM/FM Stereo|CD Player|Entertainment System|Satellite Radio|Traction Control|Daytime Running Lights - Included|Automatic Headlights - Included|Hid Headlights - Not Available|Headlights-Auto-Leveling - Included|Night Vision - Not Available|Integrated Turn Signal Mirrors - Included|Auto-Dimming Rearview Mirror - Included|Smart Device Integration - Included|Apple Carplay - Not Available|Android Auto - Not Available|Wifi Hotspot - Not Available|Bluetooth Connection - Included|Power Outlet - Not Available|Wireless Charging - Not Available","Key Features:
KEYLESS ENTRY, PUSH BUTTON START, BLIND SPOT, USB PORTS, REAR AC VENTS, REARVIEW CAMERA , PREMIUM LEATHER SEATS, MEMORY SEATS, PADDLE SHIFTERS, COMES WITH POWER SEAT ADJUSTMENTS, CRUISE CONTROL, HEATED STEERING WHEEL, HEATED SEATS, DUAL ROOF, NAVIGATION, DUAL CLIMATE CONTROL , DRIVE MODES, POWER TRUNK.","pending","2026-05-07T19:29:47.756Z"
"2012-BMW-X5-SUV-649371","BMW","X5","2012","2000","1500","gasoline","automatic","sedan","color=&amp;engine=&amp;fuel_type=&amp;inventorySearchTxt=&amp;submit=&amp;compare=""> Value Deals","| PANOROOF | BACK SEATS VENTS | COMES WITH DUAL CLIMATE CONTROL | DIFFERENT DRIVE MODES | REAR SEATS VENTS","g the Greater Toronto and adjoining areas since 2014.","https://autobunny-docs.s3.ca-central-1.amazonaws.com/1232/car/forsale/images/2025/11/2012_BMW_X5_pic-28cd23951ab25364bb7edec966f9077f.jpg|https://autobunny-docs.s3.ca-central-1.amazonaws.com/1232/web-content/logo-icon.png|https://www.peelcarsales.com/images/logo.png|https://autobunny-docs.s3.ca-central-1.amazonaws.com/common/design/welcome/welcome-car-21.jpg|https://autobunny-docs.s3.ca-central-1.amazonaws.com/common/design/welcome/welcome-car-45.jpg|https://autobunny-docs.s3.ca-central-1.amazonaws.com/common/design/car/style/sedan.png|https://autobunny-docs.s3.ca-central-1.amazonaws.com/common/design/car/style/pickup.png|https://autobunny-docs.s3.ca-central-1.amazonaws.com/common/design/car/style/suv.png|https://autobunny-docs.s3.ca-central-1.amazonaws.com/common/design/car/style/van.png|https://autobunny-docs.s3.ca-central-1.amazonaws.com/common/design/welcome/welcome-car-23-1.jpg|https://autobunny-docs.s3.ca-central-1.amazonaws.com/common/design/icon/select-arrow-black.png|https://autobunny-docs.s3.ca-central-1.amazonaws.com/common/design/icon/search-icon-gray.png","","KEY FEATURES:
PUSH BUTTON START | REARVIEW CAMERA | NAVIGATION | HEATED STEERING | BLUETOOTH | POWER SEATS | PREMIUM LEATHER INTERIOR | PANOROOF | BACK SEATS VENTS | COMES WITH DUAL CLIMATE CONTROL | DIFFERENT DRIVE MODES | REAR SEATS VENTS
We are offering the LOWEST possible interest rates! Everyone is Approved!
_____________________
WE ARE OPEN 7 DAYS except for statutory holidays!
&hellip;&hellip;&hellip;&hellip;&hellip;&hellip;&hellip;&hellip;&hellip;&hellip;&hellip;&hellip;&hellip;&hellip;&hellip;&hellip;&hellip;&hellip;&hellip;&hellip;&hellip;&hellip;&hellip;&hellip;&hellip;&hellip;&hellip;&hellip;&hellip;&hellip;&hellip;&hellip;&hellip;&hellip;&hellip;&hellip;&hellip;.
HUNDRED PERCENT**PRICE MATCH POLICY** BASED ON TRIMS|KMS|CARFAX|COLOUR|
&hellip;&hellip;&hellip;&hellip;&hellip;&hellip;&hellip;&hellip;&hellip;&hellip;&hellip;&hellip;&hellip;&hellip;&hellip;&hellip;&hellip;&hellip;&hellip;&hellip;&hellip;&hellip;&hellip;&hellip;&hellip;&hellip;&hellip;&hellip;&hellip;&hellip;&hellip;&hellip;&hellip;&hellip;&hellip;&hellip;&hellip;&hellip;..
* FREE HOME DELIVERY BASED ON YOUR POSTAL CODE**
&hellip;&hellip;&hellip;&hellip;&hellip;&hellip;&hellip;&hellip;&hellip;&hellip;&hellip;&hellip;&hellip;&hellip;&hellip;&hellip;&hellip;&hellip;&hellip;&hellip;&hellip;&hellip;&hellip;&hellip;&hellip;&hellip;&hellip;&hellip;&hellip;&hellip;&hellip;&hellip;&hellip;&hellip;&hellip;&hellip;&hellip;&hellip;&hellip;
EXCHANGE POLICY: MAXIMUM 7 BUSINESS DAYS/1500 KMS IF DEALER CAN NOT FIX ISSUE/CONCERN.
&hellip;&hellip;&hellip;&hellip;&hellip;&hellip;&hellip;&hellip;&hellip;&hellip;&hellip;&hellip;&hellip;&hellip;&hellip;&hellip;&hellip;&hellip;&hellip;&hellip;&hellip;&hellip;&hellip;&hellip;&hellip;&hellip;&hellip;&hellip;&hellip;&hellip;&hellip;&hellip;&hellip;&hellip;&hellip;&hellip;&hellip;&hellip;.
OUR CERTIFIED PRE-OWNED PROGRAM ON 2024 AND 2025 MODELS IS ONLY
$499
OUR CERTIFIED PRE-OWNED PROGRAM ON 2023 AND BELOW MODELS IS ONLY
$799
***We must state this.... As Per Regulations: This vehicle is not certified e-tested not drivable. If the Safety and E-test is Purchased the vehicle is then drivable. This Safety and E-test fee is NOT mandatory to be paid, you can also take the vehicle to your own mechanic. ***
Looking to Finance a car and want to save money at the same time. We have redesigned our dealership for our customers and we offer vehicles on finance or lease with lowest possible interest rates O.A.C. Variable installation and delivery fees may apply.
Cash Purchases are most welcome for the same asking price. Variable admin fee may apply.
Dealer reserves the right to decline credit card purchases (credit card payments in excess of $2,000) at its sole and exclusive discretion.
Prices are subject to change without notice, please contact dealer for details.
We are now located at TWO LOCATIONS to serve you and your neighbourhood.
Mississauga - 2701 DERRY ROAD EAST, MISSISSAUGA, L4T 1A2
Oakville - 333 WYECROFT ROAD, OAKVILLE, L6K 2H2
While we try our best, information of the vehicle is not 100% accurate. Please contact the sales representative to confirm features of the car.
Peel Car Sales is a reputable and trustworthy used car dealership serving the Greater Toronto and adjoining areas since 2014.
Call or text us direct, AT 1(647)678-7778. (FACETIME/WHATSAPP)","pending","2026-05-07T19:29:53.297Z"
"2013-Infiniti-JX35-SUV-649374","Infiniti","JX35","2013","7691","1500","gasoline","automatic","sedan","color=&amp;engine=&amp;fuel_type=&amp;inventorySearchTxt=&amp;submit=&amp;compare=""> Value Deals",":","=""5N1AL0MM4DC323640"" data-year=""2013""  data-make=""Infiniti""  data-model=""JX35""  data-trim=""7 Passenger, Leather Seats, Navigation, Sunroof."">","https://autobunny-docs.s3.ca-central-1.amazonaws.com/1232/car/forsale/images/2025/11/2013_INFINITI_JX35_pic-0f32a4688e3eca2485a06a76ea859fe1.jpg|https://autobunny-docs.s3.ca-central-1.amazonaws.com/1232/web-content/logo-icon.png|https://www.peelcarsales.com/images/logo.png|https://autobunny-docs.s3.ca-central-1.amazonaws.com/common/design/welcome/welcome-car-21.jpg|https://autobunny-docs.s3.ca-central-1.amazonaws.com/common/design/welcome/welcome-car-45.jpg|https://autobunny-docs.s3.ca-central-1.amazonaws.com/common/design/car/style/sedan.png|https://autobunny-docs.s3.ca-central-1.amazonaws.com/common/design/car/style/pickup.png|https://autobunny-docs.s3.ca-central-1.amazonaws.com/common/design/car/style/suv.png|https://autobunny-docs.s3.ca-central-1.amazonaws.com/common/design/car/style/van.png|https://autobunny-docs.s3.ca-central-1.amazonaws.com/common/design/welcome/welcome-car-23-1.jpg|https://autobunny-docs.s3.ca-central-1.amazonaws.com/common/design/icon/select-arrow-black.png|https://autobunny-docs.s3.ca-central-1.amazonaws.com/common/design/icon/search-icon-gray.png","","SELLING AS IS due to company policy !&nbsp;
Key features: KEYLESS ENTRY, PUSH BUTTON START, PREMIUM ALLOY WHEELS, TOW PACKAGE,
FRONT AND REAR PARKING SENSORS, PREMIUM LEATHER SEATS, POWER SEATS ADJUSTMENTS, SUNROOF,
NAVIGATION, HEATED STEERING WHEEL, HEATED SEATS, POWER TRUNK, CLIMATE CONTROL ZONE,
CRUISE CONTROL AND MORE!
&nbsp;","pending","2026-05-07T19:29:58.807Z"
"2015-Mazda-MAZDA3-Hatchback-649379","Mazda","MAZDA3","2015","2000","1500","gasoline","automatic","sedan","and spacious black interior, this car is perfect for daily commutes or weekend adventures. The automatic transmission and fuel-efficient 4 Cylinder engine make driving a breeze. Don't miss out on this reliable and comfortable ride!",", this car is perfect for daily commutes or weekend adventures. The automatic transmission and fuel-efficient 4 Cylinder engine make driving a breeze. Don't miss out on this reliable and comfortable ride!","g a breeze. Don't miss out on this reliable and comfortable ride!","https://autobunny-docs.s3.ca-central-1.amazonaws.com/1232/car/forsale/images/2025/11/2015_Mazda_MAZDA3_pic-361f54dafe91ddab11f513c715b2c2b3.jpg|https://autobunny-docs.s3.ca-central-1.amazonaws.com/1232/web-content/logo-icon.png|https://www.peelcarsales.com/images/logo.png|https://autobunny-docs.s3.ca-central-1.amazonaws.com/common/design/welcome/welcome-car-21.jpg|https://autobunny-docs.s3.ca-central-1.amazonaws.com/common/design/welcome/welcome-car-45.jpg|https://autobunny-docs.s3.ca-central-1.amazonaws.com/common/design/car/style/sedan.png|https://autobunny-docs.s3.ca-central-1.amazonaws.com/common/design/car/style/pickup.png|https://autobunny-docs.s3.ca-central-1.amazonaws.com/common/design/car/style/suv.png|https://autobunny-docs.s3.ca-central-1.amazonaws.com/common/design/car/style/van.png|https://autobunny-docs.s3.ca-central-1.amazonaws.com/common/design/welcome/welcome-car-23-1.jpg|https://autobunny-docs.s3.ca-central-1.amazonaws.com/common/design/icon/select-arrow-black.png|https://autobunny-docs.s3.ca-central-1.amazonaws.com/common/design/icon/search-icon-gray.png","","This 2015 Mazda MAZDA3 Hatchback is a stylish and practical choice! With its sleek grey exterior and spacious black interior, this car is perfect for daily commutes or weekend adventures. The automatic transmission and fuel-efficient 4 Cylinder engine make driving a breeze. Don't miss out on this reliable and comfortable ride!
We are offering the LOWEST possible interest rates! Everyone is Approved!
_____________________
WE ARE OPEN 7 DAYS except for statutory holidays!
&hellip;&hellip;&hellip;&hellip;&hellip;&hellip;&hellip;&hellip;&hellip;&hellip;&hellip;&hellip;&hellip;&hellip;&hellip;&hellip;&hellip;&hellip;&hellip;&hellip;&hellip;&hellip;&hellip;&hellip;&hellip;&hellip;&hellip;&hellip;&hellip;&hellip;&hellip;&hellip;&hellip;&hellip;&hellip;&hellip;&hellip;.
HUNDRED PERCENT**PRICE MATCH POLICY** BASED ON TRIMS|KMS|CARFAX|COLOUR|
&hellip;&hellip;&hellip;&hellip;&hellip;&hellip;&hellip;&hellip;&hellip;&hellip;&hellip;&hellip;&hellip;&hellip;&hellip;&hellip;&hellip;&hellip;&hellip;&hellip;&hellip;&hellip;&hellip;&hellip;&hellip;&hellip;&hellip;&hellip;&hellip;&hellip;&hellip;&hellip;&hellip;&hellip;&hellip;&hellip;&hellip;&hellip;..
* FREE HOME DELIVERY BASED ON YOUR POSTAL CODE**
&hellip;&hellip;&hellip;&hellip;&hellip;&hellip;&hellip;&hellip;&hellip;&hellip;&hellip;&hellip;&hellip;&hellip;&hellip;&hellip;&hellip;&hellip;&hellip;&hellip;&hellip;&hellip;&hellip;&hellip;&hellip;&hellip;&hellip;&hellip;&hellip;&hellip;&hellip;&hellip;&hellip;&hellip;&hellip;&hellip;&hellip;&hellip;&hellip;
EXCHANGE POLICY: MAXIMUM 7 BUSINESS DAYS/1500 KMS IF DEALER CAN NOT FIX ISSUE/CONCERN.
&hellip;&hellip;&hellip;&hellip;&hellip;&hellip;&hellip;&hellip;&hellip;&hellip;&hellip;&hellip;&hellip;&hellip;&hellip;&hellip;&hellip;&hellip;&hellip;&hellip;&hellip;&hellip;&hellip;&hellip;&hellip;&hellip;&hellip;&hellip;&hellip;&hellip;&hellip;&hellip;&hellip;&hellip;&hellip;&hellip;&hellip;&hellip;.
OUR CERTIFIED PRE-OWNED PROGRAM ON 2024 AND 2025 MODELS IS ONLY
$499
OUR CERTIFIED PRE-OWNED PROGRAM ON 2023 AND BELOW MODELS IS ONLY
$799
***We must state this.... As Per Regulations: This vehicle is not certified e-tested not drivable. If the Safety and E-test is Purchased the vehicle is then drivable. This Safety and E-test fee is NOT mandatory to be paid, you can also take the vehicle to your own mechanic. ***
Looking to Finance a car and want to save money at the same time. We have redesigned our dealership for our customers and we offer vehicles on finance or lease with lowest possible interest rates O.A.C. Variable installation and delivery fees may apply.
Cash Purchases are most welcome for the same asking price. Variable admin fee may apply.
Dealer reserves the right to decline credit card purchases (credit card payments in excess of $2,000) at its sole and exclusive discretion.
Prices are subject to change without notice, please contact dealer for details.
We are now located at TWO LOCATIONS to serve you and your neighbourhood.
Mississauga - 2701 DERRY ROAD EAST, MISSISSAUGA, L4T 1A2
Oakville - 333 WYECROFT ROAD, OAKVILLE, L6K 2H2
While we try our best, information of the vehicle is not 100% accurate. Please contact the sales representative to confirm features of the car.
Peel Car Sales is a reputable and trustworthy used car dealership serving the Greater Toronto and adjoining areas since 2014.
Call or text us direct, AT 1(647)678-7778. (FACETIME/WHATSAPP)","pending","2026-05-07T19:30:04.262Z"